feature,pearson_mfe,spearman_mfe,spearman_hit_1p5,fold_spearman_mean,fold_spearman_std,stability,mfe_spread_q90_q10,hit_spread_q90_q10,edge_score
atr_sma50,0.03334361056901533,0.14825417978502842,0.05191523323645269,0.11127159089882088,0.04132533973949078,0.6286116876970402,0.7095728730142237,0.11439842209072981,0.23727841522828189
atr_norm,0.03134125903449674,0.15434249925246032,0.05743239856118129,0.11758361732850986,0.037416780280142906,0.6817884759908068,0.6359326599656709,0.11242603550295854,0.22877100709358797
avg_spread,0.021552546674916018,0.05285900766921845,0.02384107273140437,0.0381571783666214,0.024157738965157226,0.3669053398448119,0.4929744867360881,0.05325443786982248,0.12139610901417798
buy_volume,-0.015594537081144812,-0.05803137754492617,-0.019272064842591682,-0.03968444980662458,0.019590736262270224,0.5063496481020106,-0.3649270325353564,-0.038461538461538436,0.1031944727994145
total_volume,-0.01977815524294279,-0.06858332158914782,-0.02909002557175255,-0.047407970598046,0.017932877042073005,0.6217408474418105,-0.31853924437997305,-0.03550295857988167,0.10246673603533347
spread_sma5,0.016369031902037545,0.04918592127401885,0.016069294491241615,0.03608049084241815,0.02282818875318969,0.3673158115087529,0.4045924061823909,0.040433925049309705,0.10084279003652008
edge_regime_trend_align,0.014137306764208067,0.08686656342045737,0.04091131362801994,0.06310162878431338,0.024544746377545057,0.6110344869872266,0.2550759469436783,0.07889546351084814,0.09976547839650902
sell_volume,-0.0159190821848757,-0.058242888432699265,-0.027732251492145678,-0.04293816743036639,0.027814903451481656,0.3522253663490671,-0.31951483507012424,-0.051282051282051266,0.08625841859017061
tick_velocity_sma5,-0.030472433140837113,-0.0189947215311162,0.005502031528369731,0.023820767208276982,0.05211955012808635,0.0,-0.49699455270630044,-0.02564102564102566,0.08306847727211687
max_spread,0.006839013496487218,0.0765743138265739,0.030933830395699694,0.04319592258868107,0.03026452372085491,0.29938241182057834,0.2740804835861317,0.040173703171932695,0.07267240981971958
edge_imbalance_regime_delta,0.010435890081220275,-0.005553066826826054,-0.0006657435914839833,-0.0007921914688629135,0.014488747426871047,0.0,0.40182456530307054,0.03254437869822485,0.0637261705324988
dist_to_high_50,0.029311088904069513,0.004010477486455954,0.008693541181813962,0.009809725272059571,0.020830404550190914,0.0,0.3645294830653112,0.04733727810650884,0.061865581588462455
volatility_regime,-0.0004018480712300295,0.022210319533663345,0.014276190657158638,0.023790435161051594,0.008557962287641465,0.6402923056255343,0.1883294534615998,0.03254437869822485,0.06143134934790384
tick_velocity,-0.026246179784577092,-0.023156087455357202,0.004462461650204784,0.016118220699277402,0.05232156183704276,0.0,-0.35842235736352324,-0.01282051282051283,0.05907496006139912
dist_to_high_10,0.00806269900469394,-0.006201872031294849,-0.0014120334071908186,-0.003463078308887836,0.030703335770462352,0.0,-0.26840196521649506,-0.010848126232741617,0.04221087698297038
edge_trend_accel,-0.010914302730388405,-0.010193783033880877,-0.01315284696856531,-0.01313066657282265,0.022557241541321667,0.0,-0.2342007042809351,-0.017751479289940808,0.040187920214340006
ret_10,0.006626162566927399,0.005097924204015407,0.006915355970321023,0.002195520968731163,0.036921884446350715,0.0,-0.23738626504654015,-0.008875739644970404,0.03704439396366085
ret_50,0.012482756071716292,0.00818559826782525,0.009222004742658349,0.008872052462075276,0.02474500140038196,0.0,0.20073995671714462,0.025641025641025605,0.03489310918719307
tick_velocity_ratio,0.010439450256840543,-0.00663163018784961,-0.002783686116040172,-0.016027638171447985,0.0224752765017661,0.0,0.13370434294594302,-0.014792899408284044,0.025541850925581852
price_vol_divergence,-0.015330947789498865,-0.010367812181264202,-0.013492367716305246,-0.009123213817686562,0.0309653187687113,0.0,-0.12968775988910863,-0.014262903096175783,0.023160257747405513
signal,0.01674223503020722,0.005195217114792387,0.010061040349528916,0.009354654255157952,0.04156237944590539,0.0,0.12595396124146907,0.009458691602647173,0.022177626910274566
vol_imbalance_sma50,-0.00430644178345647,0.008786011905029693,0.01042080224161904,0.009006712121824835,0.015266381336273439,0.0,-0.12882780778144642,-0.0009861932938856066,0.02167446852706173
is_ny,-0.008581202186983763,0.03146425196065315,0.021742614101661083,0.03261264904597118,0.03372551326760107,0.0,-0.0718143085841616,0.02273863473141635,0.02119917202225867
hour_sin,0.008813462494918484,-0.039181714969835434,-0.023410582767330247,-0.04407179894074112,0.033102867915824376,0.24890479589613912,-0.004861856134142695,-0.04534083802376482,0.020333808587431664
vol_imbalance_sma5,0.006581935699163313,0.004357401775374448,0.009557530332167798,0.009747999376653268,0.018003280319262176,0.0,0.10799914089589757,-0.0029585798816567643,0.018932728966713632
liquidity_shock,0.000713715732937538,0.022751108292065548,0.00504131143003327,0.0015374319562956676,0.01030611601123123,0.0,-0.10580582455920196,0.024654832347140054,0.018720714907668218
micro_trend_alignment,-0.00754697665685044,-0.0173478613739614,-0.015530311456930538,-0.01559282828505859,0.012922139704190884,0.17132987051214466,-0.06477282195261536,-0.01520659409309022,0.01772783134558243
spread_ratio,0.00854867959418057,0.01151396767517099,0.018602735036117573,0.008411212761386058,0.01973320100394071,0.0,0.06983008578555694,0.01577909270216965,0.014155225328397022
dist_to_low_50,0.008872753545885317,-0.0014701291913196354,8.040277592423267e-05,0.0031525053549929178,0.024058169053626392,0.0,-0.07021525779672899,-0.024654832347140054,0.013785898242971583
order_flow_toxicity,0.008629286200714023,-0.0019116020126895216,0.008859510871286854,0.0006561625633419125,0.027999040954371,0.0,-0.08337012181311976,-0.007889546351084797,0.01345851354791192
buy_ratio,0.013639286250530238,0.00198122030290989,0.01123759690007838,0.007885358512581115,0.028199866573687875,0.0,0.06783943654394298,0.007889546351084797,0.012936209744845205
hour_cos,0.015063757202443028,-0.011376602079556458,-0.004948211407678868,-0.005487761072408505,0.020689080282738123,0.0,0.06622097889628842,0.014221999174363176,0.012727287019981708
edge_vel_over_spread,-0.00019070928813147685,-0.007833961471808263,-0.007982396199852073,-0.016327714873886782,0.02612968330748077,0.0,0.04434255466252646,-0.014792899408284044,0.012212601858679069
is_london,-0.008571291183733922,0.008596105052777187,0.0050872069157863065,-0.0010054625799442059,0.025816007667492542,0.0,-0.06643657134348713,0.004927539827253302,0.01070960532923445
buy_ratio_sma5,0.010830358988217692,0.006930042695202381,0.012133646748000099,0.011543720864585575,0.021257446338325395,0.0,0.04956310706789724,-0.0009861932938856066,0.01041901560571954
dist_to_low_10,0.011095113296667031,0.0026679409874851697,0.0057081667451252755,0.008565692415272358,0.0325986978466558,0.0,-0.05012975904137207,0.0009861932938856066,0.00975950628941246
edge_breakout_distance,-0.0031554186291048504,0.010905323352067826,0.0030362268600193903,0.008312355052431436,0.030667067886748164,0.0,0.04478259328008738,0.00591715976331364,0.00938719373145233
rsi_14,0.014984663428313798,0.001551991217987031,0.004912387263600304,0.006484537818313822,0.031415696166910666,0.0,-0.022628830403688127,0.017751479289940864,0.006790606944125761
vol_imbalance,0.002830723896785372,-7.449435883043953e-05,0.009008338493008437,0.007375742515436236,0.02581353896055422,0.0,0.014572645431471631,0.0019723865877712132,0.004227071102356925
edge_imbalance_x_velocity,-0.0005436914540188449,-0.0018222732352990816,0.00744102229029367,0.004514472233341078,0.026944060154782772,0.0,-0.001230644562265848,0.0009861932938856066,0.0014118340720637073
