iteration,stall_check_bars,stall_min_profit,stall_sl_atr,sl_atr_mult,pos1_tp_atr_mult,pos2_tp_atr_mult,trailing_distance_atr_mult,total_trades,pnl,win_rate,max_drawdown,weighted_score
Test_59,2,0.3,0.05,1.6,0.6,2.0,0.4,133,191.66,78.2,-169.46,12.60284
Test_58,2,0.3,0.05,1.6,0.6,2.0,0.3,133,191.66,78.2,-169.46,12.60284
Test_63,2,0.3,0.05,1.6,0.6,2.5,0.5,133,191.66,78.2,-169.46,12.60284
Test_57,2,0.3,0.05,1.6,0.6,1.5,0.5,133,191.66,78.2,-169.46,12.60284
Test_55,2,0.3,0.05,1.6,0.6,1.5,0.3,133,191.66,78.2,-169.46,12.60284
Test_62,2,0.3,0.05,1.6,0.6,2.5,0.4,133,191.66,78.2,-169.46,12.60284
Test_61,2,0.3,0.05,1.6,0.6,2.5,0.3,133,191.66,78.2,-169.46,12.60284
Test_60,2,0.3,0.05,1.6,0.6,2.0,0.5,133,191.66,78.2,-169.46,12.60284
Test_56,2,0.3,0.05,1.6,0.6,1.5,0.4,133,191.66,78.2,-169.46,12.60284
Test_30,2,0.3,0.05,1.4,0.6,1.5,0.5,133,200.46,76.7,-158.46,12.068039999999998
Test_32,2,0.3,0.05,1.4,0.6,2.0,0.4,133,200.46,76.7,-158.46,12.068039999999998
Test_35,2,0.3,0.05,1.4,0.6,2.5,0.4,133,200.46,76.7,-158.46,12.068039999999998
Test_29,2,0.3,0.05,1.4,0.6,1.5,0.4,133,200.46,76.7,-158.46,12.068039999999998
Test_28,2,0.3,0.05,1.4,0.6,1.5,0.3,133,200.46,76.7,-158.46,12.068039999999998
Test_31,2,0.3,0.05,1.4,0.6,2.0,0.3,133,200.46,76.7,-158.46,12.068039999999998
Test_33,2,0.3,0.05,1.4,0.6,2.0,0.5,133,200.46,76.7,-158.46,12.068039999999998
BASELINE,2,0.3,0.05,1.4,0.6,1.5,0.4,133,200.46,76.7,-158.46,12.068039999999998
Test_36,2,0.3,0.05,1.4,0.6,2.5,0.5,133,200.46,76.7,-158.46,12.068039999999998
Test_34,2,0.3,0.05,1.4,0.6,2.5,0.3,133,200.46,76.7,-158.46,12.068039999999998
Test_66,2,0.3,0.05,1.6,0.8,1.5,0.5,127,127.28,74.8,-167.06,10.377319999999996
Test_68,2,0.3,0.05,1.6,0.8,2.0,0.4,127,127.28,74.8,-167.06,10.377319999999996
Test_67,2,0.3,0.05,1.6,0.8,2.0,0.3,127,127.28,74.8,-167.06,10.377319999999996
Test_70,2,0.3,0.05,1.6,0.8,2.5,0.3,127,127.28,74.8,-167.06,10.377319999999996
Test_65,2,0.3,0.05,1.6,0.8,1.5,0.4,127,127.28,74.8,-167.06,10.377319999999996
Test_64,2,0.3,0.05,1.6,0.8,1.5,0.3,127,127.28,74.8,-167.06,10.377319999999996
Test_69,2,0.3,0.05,1.6,0.8,2.0,0.5,127,127.28,74.8,-167.06,10.377319999999996
Test_71,2,0.3,0.05,1.6,0.8,2.5,0.4,127,127.28,74.8,-167.06,10.377319999999996
Test_72,2,0.3,0.05,1.6,0.8,2.5,0.5,127,127.28,74.8,-167.06,10.377319999999996
Test_42,2,0.3,0.05,1.4,0.8,2.0,0.5,127,140.48,73.2,-156.06,9.800120000000003
Test_41,2,0.3,0.05,1.4,0.8,2.0,0.4,127,140.48,73.2,-156.06,9.800120000000003
Test_37,2,0.3,0.05,1.4,0.8,1.5,0.3,127,140.48,73.2,-156.06,9.800120000000003
Test_40,2,0.3,0.05,1.4,0.8,2.0,0.3,127,140.48,73.2,-156.06,9.800120000000003
Test_39,2,0.3,0.05,1.4,0.8,1.5,0.5,127,140.48,73.2,-156.06,9.800120000000003
Test_38,2,0.3,0.05,1.4,0.8,1.5,0.4,127,140.48,73.2,-156.06,9.800120000000003
Test_45,2,0.3,0.05,1.4,0.8,2.5,0.5,127,140.48,73.2,-156.06,9.800120000000003
Test_43,2,0.3,0.05,1.4,0.8,2.5,0.3,127,140.48,73.2,-156.06,9.800120000000003
Test_44,2,0.3,0.05,1.4,0.8,2.5,0.4,127,140.48,73.2,-156.06,9.800120000000003
Test_01,2,0.3,0.05,1.2,0.6,1.5,0.3,136,197.07,74.3,-192.38,9.596879999999999
Test_05,2,0.3,0.05,1.2,0.6,2.0,0.4,136,197.07,74.3,-192.38,9.596879999999999
Test_04,2,0.3,0.05,1.2,0.6,2.0,0.3,136,197.07,74.3,-192.38,9.596879999999999
Test_03,2,0.3,0.05,1.2,0.6,1.5,0.5,136,197.07,74.3,-192.38,9.596879999999999
Test_02,2,0.3,0.05,1.2,0.6,1.5,0.4,136,197.07,74.3,-192.38,9.596879999999999
Test_09,2,0.3,0.05,1.2,0.6,2.5,0.5,136,197.07,74.3,-192.38,9.596879999999999
Test_08,2,0.3,0.05,1.2,0.6,2.5,0.4,136,197.07,74.3,-192.38,9.596879999999999
Test_07,2,0.3,0.05,1.2,0.6,2.5,0.3,136,197.07,74.3,-192.38,9.596879999999999
Test_06,2,0.3,0.05,1.2,0.6,2.0,0.5,136,197.07,74.3,-192.38,9.596879999999999
Test_78,2,0.3,0.05,1.6,1.0,2.0,0.5,122,82.56,73.8,-178.84,9.245039999999998
Test_75,2,0.3,0.05,1.6,1.0,1.5,0.5,122,82.56,73.8,-178.84,9.245039999999998
Test_74,2,0.3,0.05,1.6,1.0,1.5,0.4,122,82.56,73.8,-178.84,9.245039999999998
Test_77,2,0.3,0.05,1.6,1.0,2.0,0.4,122,82.56,73.8,-178.84,9.245039999999998
Test_80,2,0.3,0.05,1.6,1.0,2.5,0.4,122,82.56,73.8,-178.84,9.245039999999998
Test_79,2,0.3,0.05,1.6,1.0,2.5,0.3,122,82.56,73.8,-178.84,9.245039999999998
Test_81,2,0.3,0.05,1.6,1.0,2.5,0.5,122,82.56,73.8,-178.84,9.245039999999998
Test_73,2,0.3,0.05,1.6,1.0,1.5,0.3,122,82.56,73.8,-178.84,9.245039999999998
Test_76,2,0.3,0.05,1.6,1.0,2.0,0.3,122,82.56,73.8,-178.84,9.245039999999998
Test_50,2,0.3,0.05,1.4,1.0,2.0,0.4,123,101.82,72.4,-163.24,8.950080000000003
Test_47,2,0.3,0.05,1.4,1.0,1.5,0.4,123,101.82,72.4,-163.24,8.950080000000003
Test_48,2,0.3,0.05,1.4,1.0,1.5,0.5,123,101.82,72.4,-163.24,8.950080000000003
Test_54,2,0.3,0.05,1.4,1.0,2.5,0.5,123,101.82,72.4,-163.24,8.950080000000003
Test_52,2,0.3,0.05,1.4,1.0,2.5,0.3,123,101.82,72.4,-163.24,8.950080000000003
Test_49,2,0.3,0.05,1.4,1.0,2.0,0.3,123,101.82,72.4,-163.24,8.950080000000003
Test_53,2,0.3,0.05,1.4,1.0,2.5,0.4,123,101.82,72.4,-163.24,8.950080000000003
Test_51,2,0.3,0.05,1.4,1.0,2.0,0.5,123,101.82,72.4,-163.24,8.950080000000003
Test_46,2,0.3,0.05,1.4,1.0,1.5,0.3,123,101.82,72.4,-163.24,8.950080000000003
Test_11,2,0.3,0.05,1.2,0.8,1.5,0.4,131,134.75,71.0,-201.3,7.1
Test_10,2,0.3,0.05,1.2,0.8,1.5,0.3,131,134.75,71.0,-201.3,7.1
Test_17,2,0.3,0.05,1.2,0.8,2.5,0.4,131,134.75,71.0,-201.3,7.1
Test_16,2,0.3,0.05,1.2,0.8,2.5,0.3,131,134.75,71.0,-201.3,7.1
Test_15,2,0.3,0.05,1.2,0.8,2.0,0.5,131,134.75,71.0,-201.3,7.1
Test_14,2,0.3,0.05,1.2,0.8,2.0,0.4,131,134.75,71.0,-201.3,7.1
Test_13,2,0.3,0.05,1.2,0.8,2.0,0.3,131,134.75,71.0,-201.3,7.1
Test_12,2,0.3,0.05,1.2,0.8,1.5,0.5,131,134.75,71.0,-201.3,7.1
Test_18,2,0.3,0.05,1.2,0.8,2.5,0.5,131,134.75,71.0,-201.3,7.1
Test_25,2,0.3,0.05,1.2,1.0,2.5,0.3,125,60.37,67.2,-217.5,4.036480000000002
Test_27,2,0.3,0.05,1.2,1.0,2.5,0.5,125,60.37,67.2,-217.5,4.036480000000002
Test_24,2,0.3,0.05,1.2,1.0,2.0,0.5,125,60.37,67.2,-217.5,4.036480000000002
Test_23,2,0.3,0.05,1.2,1.0,2.0,0.4,125,60.37,67.2,-217.5,4.036480000000002
Test_22,2,0.3,0.05,1.2,1.0,2.0,0.3,125,60.37,67.2,-217.5,4.036480000000002
Test_21,2,0.3,0.05,1.2,1.0,1.5,0.5,125,60.37,67.2,-217.5,4.036480000000002
Test_20,2,0.3,0.05,1.2,1.0,1.5,0.4,125,60.37,67.2,-217.5,4.036480000000002
Test_26,2,0.3,0.05,1.2,1.0,2.5,0.4,125,60.37,67.2,-217.5,4.036480000000002
Test_19,2,0.3,0.05,1.2,1.0,1.5,0.3,125,60.37,67.2,-217.5,4.036480000000002
