timestamp,bar_close_time,signal_type,action,reason,fast_sma,slow_sma
2025-01-02 10:30:00+00:00,2025-01-02 10:45:00+00:00,BUY,rejected,crossover_threshold_not_met (diff=0.28 pips < 0.35 pips threshold),1.0361464285714281,1.0361188372093022
2025-01-02 10:45:00+00:00,2025-01-02 11:00:00+00:00,BUY,rejected,"dmi_trend_mismatch (+DI=9.30 < -DI=42.82, bearish trend)",1.036065476190476,1.0360179545454544
2025-01-02 11:00:00+00:00,2025-01-02 11:15:00+00:00,BUY,rejected,"dmi_trend_mismatch (+DI=22.93 < -DI=28.21, bearish trend)",1.0360178571428569,1.035953111111111
2025-01-02 11:15:00+00:00,2025-01-02 11:30:00+00:00,BUY,rejected,"dmi_trend_mismatch (+DI=16.75 < -DI=34.39, bearish trend)",1.0359464285714286,1.0358717391304346
2025-01-02 11:30:00+00:00,2025-01-02 11:45:00+00:00,BUY,rejected,"dmi_trend_mismatch (+DI=22.35 < -DI=30.31, bearish trend)",1.0358866666666666,1.0357980851063828
2025-01-02 11:45:00+00:00,2025-01-02 12:00:00+00:00,BUY,rejected,stochastic_unfavorable,1.035842142857143,1.0357445833333332
2025-01-02 12:00:00+00:00,2025-01-02 12:15:00+00:00,BUY,rejected,stochastic_unfavorable,1.0357740476190476,1.0356879591836734
2025-01-02 12:15:00+00:00,2025-01-02 12:30:00+00:00,BUY,rejected,"dmi_trend_mismatch (+DI=26.67 < -DI=27.28, bearish trend)",1.0357059523809524,1.0356328
2025-01-02 12:30:00+00:00,2025-01-02 12:45:00+00:00,BUY,rejected,"dmi_trend_mismatch (+DI=18.95 < -DI=30.76, bearish trend)",1.0356211904761907,1.0355707843137254
2025-01-02 12:45:00+00:00,2025-01-02 13:00:00+00:00,BUY,rejected,crossover_threshold_not_met (diff=0.15 pips < 0.35 pips threshold),1.0355138095238094,1.0354988461538461
2025-01-02 13:00:00+00:00,2025-01-02 13:15:00+00:00,SELL,rejected,crossover_threshold_not_met (diff=0.32 pips < 0.35 pips threshold),1.0353966666666667,1.0354284905660378
2025-01-02 13:15:00+00:00,2025-01-02 13:30:00+00:00,SELL,rejected,stochastic_unfavorable,1.0352714285714288,1.035362037037037
2025-01-02 13:30:00+00:00,2025-01-02 13:45:00+00:00,SELL,rejected,stochastic_unfavorable,1.0351597619047623,1.0353092727272728
2025-01-08 03:00:00+00:00,2025-01-08 03:15:00+00:00,SELL,rejected,crossover_threshold_not_met (diff=0.15 pips < 0.35 pips threshold),1.035175238095238,1.035190148148148
2025-01-08 03:15:00+00:00,2025-01-08 03:30:00+00:00,SELL,rejected,stochastic_unfavorable,1.0351133333333333,1.0352160370370371
2025-01-14 12:45:00+00:00,2025-01-14 13:00:00+00:00,BUY,rejected,crossover_threshold_not_met (diff=0.09 pips < 0.35 pips threshold),1.0253759523809522,1.025367333333333
2025-01-14 13:00:00+00:00,2025-01-14 13:15:00+00:00,BUY,rejected,"dmi_trend_mismatch (+DI=21.32 < -DI=23.27, bearish trend)",1.0254035714285712,1.0253507777777775
2025-01-14 13:15:00+00:00,2025-01-14 13:30:00+00:00,BUY,rejected,"dmi_trend_mismatch (+DI=14.88 < -DI=31.41, bearish trend)",1.025400238095238,1.0253298888888884
2025-01-14 13:30:00+00:00,2025-01-14 13:45:00+00:00,BUY,rejected,stochastic_unfavorable,1.025402857142857,1.025313592592592
2025-01-14 13:45:00+00:00,2025-01-14 14:00:00+00:00,BUY,rejected,"dmi_trend_mismatch (+DI=18.74 < -DI=20.95, bearish trend)",1.025405,1.0252979629629624
2025-01-14 14:00:00+00:00,2025-01-14 14:15:00+00:00,BUY,rejected,"dmi_trend_mismatch (+DI=15.08 < -DI=20.32, bearish trend)",1.0254026190476189,1.0252808888888885
2025-01-17 12:00:00+00:00,2025-01-17 12:15:00+00:00,SELL,rejected,crossover_threshold_not_met (diff=0.02 pips < 0.35 pips threshold),1.0297059523809522,1.0297082592592601
2025-01-17 12:15:00+00:00,2025-01-17 12:30:00+00:00,SELL,rejected,crossover_threshold_not_met (diff=0.10 pips < 0.35 pips threshold),1.0296990476190475,1.029709296296297
2025-01-20 08:15:00+00:00,2025-01-20 08:30:00+00:00,BUY,rejected,crossover_threshold_not_met (diff=0.24 pips < 0.35 pips threshold),1.0294473809523808,1.029423
2025-01-20 08:30:00+00:00,2025-01-20 08:45:00+00:00,BUY,rejected,stochastic_unfavorable,1.0295419047619045,1.029426037037037
2025-01-20 08:45:00+00:00,2025-01-20 09:00:00+00:00,BUY,rejected,"dmi_trend_mismatch (+DI=14.68 < -DI=21.49, bearish trend)",1.029617619047619,1.029429037037037
2025-01-23 13:15:00+00:00,2025-01-23 13:30:00+00:00,SELL,rejected,crossover_threshold_not_met (diff=0.01 pips < 0.35 pips threshold),1.0405661904761907,1.0405668888888895
2025-01-23 13:30:00+00:00,2025-01-23 13:45:00+00:00,SELL,rejected,crossover_threshold_not_met (diff=0.06 pips < 0.35 pips threshold),1.0405752380952382,1.0405811851851854
2025-01-23 13:45:00+00:00,2025-01-23 14:00:00+00:00,SELL,rejected,crossover_threshold_not_met (diff=0.04 pips < 0.35 pips threshold),1.040584761904762,1.0405889629629634
2025-01-23 14:00:00+00:00,2025-01-23 14:15:00+00:00,SELL,rejected,crossover_threshold_not_met (diff=0.02 pips < 0.35 pips threshold),1.0405969047619048,1.0405991111111115
2025-01-23 14:15:00+00:00,2025-01-23 14:30:00+00:00,SELL,rejected,crossover_threshold_not_met (diff=0.05 pips < 0.35 pips threshold),1.0406035714285715,1.0406082222222224
2025-01-23 14:30:00+00:00,2025-01-23 14:45:00+00:00,SELL,rejected,crossover_threshold_not_met (diff=0.16 pips < 0.35 pips threshold),1.0406004761904764,1.0406165185185188
2025-01-23 14:45:00+00:00,2025-01-23 15:00:00+00:00,SELL,rejected,crossover_threshold_not_met (diff=0.30 pips < 0.35 pips threshold),1.0405938095238096,1.0406240370370374
2025-01-23 17:30:00+00:00,2025-01-23 17:45:00+00:00,BUY,rejected,crossover_threshold_not_met (diff=0.32 pips < 0.35 pips threshold),1.0406516666666668,1.0406192592592596
2025-01-28 04:45:00+00:00,2025-01-28 05:00:00+00:00,SELL,rejected,"dmi_trend_mismatch (-DI=18.17 < +DI=29.11, bullish trend)",1.0461345238095239,1.0461911851851846
2025-01-28 05:00:00+00:00,2025-01-28 05:15:00+00:00,SELL,rejected,"dmi_trend_mismatch (-DI=16.87 < +DI=28.47, bullish trend)",1.0460197619047622,1.0462068888888882
2025-01-28 05:15:00+00:00,2025-01-28 05:30:00+00:00,SELL,rejected,"dmi_trend_mismatch (-DI=11.86 < +DI=28.67, bullish trend)",1.0459054761904762,1.0462197407407403
2025-01-28 05:30:00+00:00,2025-01-28 05:45:00+00:00,SELL,rejected,"dmi_trend_mismatch (-DI=15.50 < +DI=21.65, bullish trend)",1.0457926190476192,1.0462319999999996
2025-01-28 05:45:00+00:00,2025-01-28 06:00:00+00:00,SELL,rejected,stochastic_unfavorable,1.0456859523809525,1.0462426296296292
2025-01-28 06:00:00+00:00,2025-01-28 06:15:00+00:00,SELL,rejected,"dmi_trend_mismatch (-DI=8.81 < +DI=28.23, bullish trend)",1.0455783333333335,1.0462540370370368
2025-01-28 06:15:00+00:00,2025-01-28 06:30:00+00:00,SELL,rejected,"dmi_trend_mismatch (-DI=11.31 < +DI=30.92, bullish trend)",1.045462857142857,1.0462643703703702
2025-01-28 06:30:00+00:00,2025-01-28 06:45:00+00:00,SELL,rejected,stochastic_unfavorable,1.0453328571428573,1.0462719259259257
2025-01-28 06:45:00+00:00,2025-01-28 07:00:00+00:00,SELL,rejected,stochastic_unfavorable,1.0452054761904763,1.0462787777777778
2025-01-28 07:00:00+00:00,2025-01-28 07:15:00+00:00,SELL,rejected,"dmi_trend_mismatch (-DI=23.28 < +DI=28.97, bullish trend)",1.0450838095238095,1.0462894814814816
2025-01-28 07:15:00+00:00,2025-01-28 07:30:00+00:00,SELL,rejected,"dmi_trend_mismatch (-DI=18.47 < +DI=22.44, bullish trend)",1.0449590476190476,1.0463006296296298
2025-02-06 15:15:00+00:00,2025-02-06 15:30:00+00:00,SELL,rejected,crossover_threshold_not_met (diff=0.05 pips < 0.35 pips threshold),1.0370095238095238,1.0370149629629626
2025-02-06 23:30:00+00:00,2025-02-06 23:45:00+00:00,BUY,rejected,crossover_threshold_not_met (diff=0.02 pips < 0.35 pips threshold),1.037772380952381,1.0377701111111113
2025-02-06 23:45:00+00:00,2025-02-07 00:00:00+00:00,BUY,rejected,crossover_threshold_not_met (diff=0.33 pips < 0.35 pips threshold),1.0378295238095236,1.0377970000000003
2025-02-07 00:00:00+00:00,2025-02-07 00:15:00+00:00,BUY,close_only,Closed existing short position,1.0378940476190475,1.0378240000000003
2025-02-07 05:00:00+00:00,2025-02-07 05:15:00+00:00,SELL,rejected,crossover_threshold_not_met (diff=0.00 pips < 0.35 pips threshold),1.0383685714285713,1.0383688148148145
2025-02-11 19:30:00+00:00,2025-02-11 19:45:00+00:00,BUY,rejected,crossover_threshold_not_met (diff=0.10 pips < 0.35 pips threshold),1.0332604761904758,1.0332502962962973
2025-02-11 19:45:00+00:00,2025-02-11 20:00:00+00:00,BUY,rejected,stochastic_unfavorable,1.0333661904761902,1.033240296296297
2025-02-18 07:15:00+00:00,2025-02-18 07:30:00+00:00,SELL,rejected,crossover_threshold_not_met (diff=0.34 pips < 0.35 pips threshold),1.0469745238095236,1.0470084814814815
2025-02-18 07:30:00+00:00,2025-02-18 07:45:00+00:00,SELL,rejected,"dmi_trend_mismatch (-DI=19.92 < +DI=40.35, bullish trend)",1.0469397619047618,1.047026666666667
2025-02-18 07:45:00+00:00,2025-02-18 08:00:00+00:00,SELL,rejected,stochastic_unfavorable,1.0468938095238092,1.047042777777778
2025-02-24 19:15:00+00:00,2025-02-24 19:30:00+00:00,SELL,rejected,crossover_threshold_not_met (diff=0.08 pips < 0.35 pips threshold),1.0472000000000001,1.0472078148148143
2025-02-24 19:30:00+00:00,2025-02-24 19:45:00+00:00,SELL,close_only,Closed existing long position,1.0471811904761903,1.047227629629629
2025-02-27 03:15:00+00:00,2025-02-27 03:30:00+00:00,SELL,rejected,"dmi_trend_mismatch (-DI=22.36 < +DI=24.41, bullish trend)",1.0486807142857142,1.0487252222222216
2025-03-03 13:30:00+00:00,2025-03-03 13:45:00+00:00,BUY,rejected,crossover_threshold_not_met (diff=0.19 pips < 0.35 pips threshold),1.0427909523809524,1.042772222222222
2025-03-03 13:45:00+00:00,2025-03-03 14:00:00+00:00,BUY,rejected,"dmi_trend_mismatch (+DI=16.80 < -DI=24.61, bearish trend)",1.042929761904762,1.0427624074074069
2025-03-03 14:00:00+00:00,2025-03-03 14:15:00+00:00,BUY,rejected,"dmi_trend_mismatch (+DI=19.71 < -DI=22.21, bearish trend)",1.04306,1.042754629629629
2025-03-13 07:45:00+00:00,2025-03-13 08:00:00+00:00,SELL,rejected,crossover_threshold_not_met (diff=0.18 pips < 0.35 pips threshold),1.0885516666666668,1.08857
2025-03-13 08:00:00+00:00,2025-03-13 08:15:00+00:00,SELL,rejected,"dmi_trend_mismatch (-DI=18.10 < +DI=29.91, bullish trend)",1.0885238095238097,1.0885795185185185
2025-03-13 08:15:00+00:00,2025-03-13 08:30:00+00:00,SELL,rejected,"dmi_trend_mismatch (-DI=23.00 < +DI=26.07, bullish trend)",1.0885140476190478,1.088592074074074
2025-03-13 08:30:00+00:00,2025-03-13 08:45:00+00:00,SELL,rejected,"dmi_trend_mismatch (-DI=21.11 < +DI=22.00, bullish trend)",1.0884945238095238,1.0886012962962963
2025-03-14 18:30:00+00:00,2025-03-14 18:45:00+00:00,BUY,rejected,crossover_threshold_not_met (diff=0.12 pips < 0.35 pips threshold),1.0879411904761909,1.0879292592592598
2025-03-14 18:45:00+00:00,2025-03-14 19:00:00+00:00,BUY,rejected,stochastic_unfavorable,1.0880011904761908,1.0879161111111113
2025-03-27 19:00:00+00:00,2025-03-27 19:15:00+00:00,BUY,rejected,stochastic_unfavorable,1.0787759523809526,1.0787290000000007
2025-04-01 12:30:00+00:00,2025-04-01 12:45:00+00:00,SELL,rejected,crossover_threshold_not_met (diff=0.27 pips < 0.35 pips threshold),1.0809807142857142,1.0810073333333332
2025-04-01 12:45:00+00:00,2025-04-01 13:00:00+00:00,SELL,rejected,stochastic_unfavorable,1.0808892857142856,1.0810048518518516
2025-04-02 16:15:00+00:00,2025-04-02 16:30:00+00:00,BUY,rejected,"dmi_trend_mismatch (+DI=18.94 < -DI=26.40, bearish trend)",1.0812328571428573,1.081146740740741
2025-04-02 16:30:00+00:00,2025-04-02 16:45:00+00:00,BUY,rejected,"dmi_trend_mismatch (+DI=14.63 < -DI=33.14, bearish trend)",1.0813695238095238,1.0811530740740742
2025-04-02 16:45:00+00:00,2025-04-02 17:00:00+00:00,BUY,rejected,"dmi_trend_mismatch (+DI=19.58 < -DI=24.57, bearish trend)",1.0815123809523812,1.0811603703703705
2025-04-02 17:00:00+00:00,2025-04-02 17:15:00+00:00,BUY,rejected,stochastic_unfavorable,1.081666666666667,1.0811696666666668
2025-04-02 17:15:00+00:00,2025-04-02 17:30:00+00:00,BUY,rejected,stochastic_unfavorable,1.0818164285714287,1.0811811111111111
2025-04-02 17:30:00+00:00,2025-04-02 17:45:00+00:00,BUY,rejected,stochastic_unfavorable,1.0819883333333336,1.0811952592592593
2025-04-02 17:45:00+00:00,2025-04-02 18:00:00+00:00,BUY,rejected,"dmi_trend_mismatch (+DI=17.40 < -DI=20.21, bearish trend)",1.0821430952380955,1.0812085185185185
2025-04-02 18:00:00+00:00,2025-04-02 18:15:00+00:00,BUY,rejected,"dmi_trend_mismatch (+DI=13.61 < -DI=19.93, bearish trend)",1.0822938095238097,1.0812235925925926
2025-04-02 18:15:00+00:00,2025-04-02 18:30:00+00:00,BUY,rejected,stochastic_unfavorable,1.082444285714286,1.0812387407407407
2025-04-02 18:30:00+00:00,2025-04-02 18:45:00+00:00,BUY,rejected,stochastic_unfavorable,1.082587142857143,1.0812514814814818
2025-04-02 18:45:00+00:00,2025-04-02 19:00:00+00:00,BUY,rejected,"dmi_trend_mismatch (+DI=16.67 < -DI=17.83, bearish trend)",1.0827250000000002,1.0812638148148148
2025-04-02 19:00:00+00:00,2025-04-02 19:15:00+00:00,BUY,rejected,"dmi_trend_mismatch (+DI=12.07 < -DI=21.84, bearish trend)",1.082855476190476,1.0812749259259262
2025-04-02 19:15:00+00:00,2025-04-02 19:30:00+00:00,BUY,rejected,"dmi_trend_mismatch (+DI=9.39 < -DI=19.29, bearish trend)",1.082984761904762,1.0812896296296297
2025-04-02 19:30:00+00:00,2025-04-02 19:45:00+00:00,BUY,rejected,"dmi_trend_mismatch (+DI=11.42 < -DI=20.21, bearish trend)",1.083112380952381,1.0813005555555557
2025-04-02 19:45:00+00:00,2025-04-02 20:00:00+00:00,BUY,rejected,"dmi_trend_mismatch (+DI=15.74 < -DI=27.85, bearish trend)",1.083237380952381,1.0813102962962964
2025-04-07 01:45:00+00:00,2025-04-07 02:00:00+00:00,SELL,rejected,"dmi_trend_mismatch (-DI=21.19 < +DI=22.19, bullish trend)",1.096058571428571,1.0961440370370368
2025-04-09 02:00:00+00:00,2025-04-09 02:15:00+00:00,BUY,rejected,crossover_threshold_not_met (diff=0.24 pips < 0.35 pips threshold),1.0963628571428576,1.0963390740740742
2025-04-09 02:15:00+00:00,2025-04-09 02:30:00+00:00,BUY,rejected,stochastic_unfavorable,1.0966371428571435,1.0963201481481482
2025-04-09 02:30:00+00:00,2025-04-09 02:45:00+00:00,BUY,rejected,"dmi_trend_mismatch (+DI=15.60 < -DI=26.40, bearish trend)",1.09687880952381,1.0963008888888888
2025-04-09 02:45:00+00:00,2025-04-09 03:00:00+00:00,BUY,rejected,stochastic_unfavorable,1.097147142857143,1.0962846666666668
2025-04-09 03:00:00+00:00,2025-04-09 03:15:00+00:00,BUY,rejected,stochastic_unfavorable,1.097409047619048,1.0962742222222226
2025-04-15 15:00:00+00:00,2025-04-15 15:15:00+00:00,SELL,rejected,stochastic_unfavorable,1.1336066666666669,1.133664222222222
2025-04-25 20:45:00+00:00,2025-04-25 21:00:00+00:00,BUY,rejected,crossover_threshold_not_met (diff=0.05 pips < 0.35 pips threshold),1.1365230952380951,1.1365180740740743
2025-04-27 21:15:00+00:00,2025-04-27 21:30:00+00:00,BUY,rejected,crossover_threshold_not_met (diff=0.32 pips < 0.35 pips threshold),1.1365416666666666,1.1365098148148152
2025-04-27 21:30:00+00:00,2025-04-27 21:45:00+00:00,BUY,rejected,"dmi_trend_mismatch (+DI=25.63 < -DI=39.88, bearish trend)",1.136550238095238,1.1364980370370374
2025-04-27 21:45:00+00:00,2025-04-27 22:00:00+00:00,BUY,rejected,"dmi_trend_mismatch (+DI=27.16 < -DI=37.53, bearish trend)",1.1365545238095236,1.1364800000000002
2025-04-27 22:00:00+00:00,2025-04-27 22:15:00+00:00,BUY,rejected,"dmi_trend_mismatch (+DI=23.04 < -DI=29.75, bearish trend)",1.1365399999999999,1.1364620370370373
2025-04-27 22:15:00+00:00,2025-04-27 22:30:00+00:00,BUY,rejected,"dmi_trend_mismatch (+DI=15.50 < -DI=35.61, bearish trend)",1.136508095238095,1.1364434444444447
2025-04-27 22:30:00+00:00,2025-04-27 22:45:00+00:00,BUY,rejected,"dmi_trend_mismatch (+DI=13.82 < -DI=40.74, bearish trend)",1.1365092857142856,1.1364258888888892
2025-04-27 22:45:00+00:00,2025-04-27 23:00:00+00:00,BUY,rejected,"dmi_trend_mismatch (+DI=13.14 < -DI=36.16, bearish trend)",1.1364909523809523,1.1364077777777781
2025-04-27 23:00:00+00:00,2025-04-27 23:15:00+00:00,BUY,rejected,"dmi_trend_mismatch (+DI=18.37 < -DI=33.64, bearish trend)",1.136482380952381,1.136387481481482
2025-04-27 23:15:00+00:00,2025-04-27 23:30:00+00:00,BUY,rejected,"dmi_trend_mismatch (+DI=19.12 < -DI=25.77, bearish trend)",1.1364619047619047,1.136370518518519
2025-04-27 23:30:00+00:00,2025-04-27 23:45:00+00:00,BUY,rejected,"dmi_trend_mismatch (+DI=25.48 < -DI=31.46, bearish trend)",1.1364673809523809,1.1363597407407413
2025-04-27 23:45:00+00:00,2025-04-28 00:00:00+00:00,BUY,rejected,"dmi_trend_mismatch (+DI=15.09 < -DI=45.75, bearish trend)",1.1364638095238095,1.1363461851851855
2025-04-28 02:45:00+00:00,2025-04-28 03:00:00+00:00,SELL,rejected,crossover_threshold_not_met (diff=0.05 pips < 0.35 pips threshold),1.1362121428571423,1.136217037037038
2025-04-28 03:00:00+00:00,2025-04-28 03:15:00+00:00,SELL,rejected,"dmi_trend_mismatch (-DI=16.61 < +DI=28.03, bullish trend)",1.1361564285714283,1.136206222222223
2025-04-28 03:15:00+00:00,2025-04-28 03:30:00+00:00,SELL,rejected,"dmi_trend_mismatch (-DI=15.74 < +DI=34.38, bullish trend)",1.1361080952380949,1.136193407407408
2025-04-28 03:30:00+00:00,2025-04-28 03:45:00+00:00,SELL,rejected,"dmi_trend_mismatch (-DI=24.59 < +DI=26.48, bullish trend)",1.1360757142857139,1.1361760740740747
2025-04-28 03:45:00+00:00,2025-04-28 04:00:00+00:00,SELL,rejected,"dmi_trend_mismatch (-DI=21.10 < +DI=25.84, bullish trend)",1.1360395238095236,1.1361627037037045
2025-04-28 04:00:00+00:00,2025-04-28 04:15:00+00:00,SELL,rejected,"dmi_trend_mismatch (-DI=20.87 < +DI=26.77, bullish trend)",1.1360219047619045,1.1361527037037045
2025-04-28 04:15:00+00:00,2025-04-28 04:30:00+00:00,SELL,rejected,"dmi_trend_mismatch (-DI=13.28 < +DI=28.24, bullish trend)",1.1359892857142855,1.1361442962962967
2025-04-28 04:30:00+00:00,2025-04-28 04:45:00+00:00,SELL,rejected,"dmi_trend_mismatch (-DI=17.60 < +DI=20.92, bullish trend)",1.1359614285714283,1.1361331481481485
2025-04-28 04:45:00+00:00,2025-04-28 05:00:00+00:00,SELL,rejected,"dmi_trend_mismatch (-DI=9.93 < +DI=30.67, bullish trend)",1.135965,1.136120592592593
2025-04-28 05:00:00+00:00,2025-04-28 05:15:00+00:00,SELL,rejected,"dmi_trend_mismatch (-DI=5.34 < +DI=37.81, bullish trend)",1.135970238095238,1.1361070740740746
2025-04-28 05:15:00+00:00,2025-04-28 05:30:00+00:00,SELL,rejected,"dmi_trend_mismatch (-DI=11.07 < +DI=30.27, bullish trend)",1.1359738095238092,1.1360890740740743
2025-04-28 05:30:00+00:00,2025-04-28 05:45:00+00:00,SELL,rejected,"dmi_trend_mismatch (-DI=20.62 < +DI=21.31, bullish trend)",1.1359640476190476,1.1360688518518522
2025-04-28 05:45:00+00:00,2025-04-28 06:00:00+00:00,SELL,rejected,stochastic_unfavorable,1.1359557142857142,1.136047888888889
2025-04-28 06:00:00+00:00,2025-04-28 06:15:00+00:00,SELL,rejected,stochastic_unfavorable,1.1359314285714286,1.1360294444444443
2025-04-28 06:15:00+00:00,2025-04-28 06:30:00+00:00,SELL,close_only,Closed existing long position,1.1359092857142856,1.1360144814814814
2025-04-28 16:30:00+00:00,2025-04-28 16:45:00+00:00,BUY,rejected,crossover_threshold_not_met (diff=0.26 pips < 0.35 pips threshold),1.1360169047619049,1.1359905185185184
2025-05-02 15:00:00+00:00,2025-05-02 15:15:00+00:00,BUY,rejected,"dmi_trend_mismatch (+DI=22.71 < -DI=26.21, bearish trend)",1.133465,1.1333785925925928
2025-05-02 15:15:00+00:00,2025-05-02 15:30:00+00:00,BUY,rejected,"dmi_trend_mismatch (+DI=12.17 < -DI=41.81, bearish trend)",1.1335435714285713,1.133362777777778
2025-05-02 15:30:00+00:00,2025-05-02 15:45:00+00:00,BUY,rejected,"dmi_trend_mismatch (+DI=12.41 < -DI=31.70, bearish trend)",1.1336109523809523,1.1333444444444447
2025-05-02 15:45:00+00:00,2025-05-02 16:00:00+00:00,BUY,rejected,"dmi_trend_mismatch (+DI=11.91 < -DI=30.28, bearish trend)",1.1336538095238093,1.1333256296296301
2025-05-02 16:00:00+00:00,2025-05-02 16:15:00+00:00,BUY,rejected,"dmi_trend_mismatch (+DI=18.67 < -DI=20.94, bearish trend)",1.133719523809524,1.1333091851851855
2025-05-02 16:15:00+00:00,2025-05-02 16:30:00+00:00,BUY,rejected,"dmi_trend_mismatch (+DI=14.23 < -DI=19.42, bearish trend)",1.1337821428571433,1.1332891111111116
2025-05-02 16:30:00+00:00,2025-05-02 16:45:00+00:00,BUY,rejected,"dmi_trend_mismatch (+DI=13.74 < -DI=22.14, bearish trend)",1.1338219047619051,1.133267592592593
2025-05-02 16:45:00+00:00,2025-05-02 17:00:00+00:00,BUY,rejected,"dmi_trend_mismatch (+DI=9.90 < -DI=25.00, bearish trend)",1.133804285714286,1.1332421481481485
2025-05-02 17:00:00+00:00,2025-05-02 17:15:00+00:00,BUY,rejected,"dmi_trend_mismatch (+DI=12.32 < -DI=31.99, bearish trend)",1.1337676190476191,1.1332128888888895
2025-05-02 17:15:00+00:00,2025-05-02 17:30:00+00:00,BUY,rejected,"dmi_trend_mismatch (+DI=19.14 < -DI=25.14, bearish trend)",1.1337373809523814,1.1331856296296299
2025-05-02 17:30:00+00:00,2025-05-02 17:45:00+00:00,BUY,rejected,"dmi_trend_mismatch (+DI=14.75 < -DI=42.54, bearish trend)",1.1336888095238098,1.1331562592592597
2025-05-02 17:45:00+00:00,2025-05-02 18:00:00+00:00,BUY,rejected,"dmi_trend_mismatch (+DI=17.29 < -DI=39.69, bearish trend)",1.1336483333333336,1.133125666666667
2025-05-02 18:00:00+00:00,2025-05-02 18:15:00+00:00,BUY,rejected,"dmi_trend_mismatch (+DI=18.19 < -DI=31.70, bearish trend)",1.1335911904761906,1.1330940000000003
2025-05-02 18:15:00+00:00,2025-05-02 18:30:00+00:00,BUY,rejected,"dmi_trend_mismatch (+DI=17.38 < -DI=28.70, bearish trend)",1.1335359523809525,1.1330605185185187
2025-05-02 18:30:00+00:00,2025-05-02 18:45:00+00:00,BUY,rejected,"dmi_trend_mismatch (+DI=13.32 < -DI=41.40, bearish trend)",1.1334857142857142,1.1330266296296299
2025-05-02 18:45:00+00:00,2025-05-02 19:00:00+00:00,BUY,rejected,"dmi_trend_mismatch (+DI=24.43 < -DI=26.38, bearish trend)",1.1334238095238096,1.13299262962963
2025-05-02 19:00:00+00:00,2025-05-02 19:15:00+00:00,BUY,rejected,stochastic_unfavorable,1.133366904761905,1.1329619259259263
2025-05-02 19:15:00+00:00,2025-05-02 19:30:00+00:00,BUY,rejected,"dmi_trend_mismatch (+DI=20.20 < -DI=26.42, bearish trend)",1.1332954761904763,1.1329300000000004
2025-05-02 19:30:00+00:00,2025-05-02 19:45:00+00:00,BUY,rejected,stochastic_unfavorable,1.1332464285714285,1.132898740740741
2025-05-02 19:45:00+00:00,2025-05-02 20:00:00+00:00,BUY,rejected,"dmi_trend_mismatch (+DI=21.74 < -DI=22.61, bearish trend)",1.1331833333333332,1.1328668518518523
2025-05-02 20:00:00+00:00,2025-05-02 20:15:00+00:00,BUY,rejected,"dmi_trend_mismatch (+DI=12.87 < -DI=25.29, bearish trend)",1.1330716666666665,1.1328327407407413
2025-05-02 20:15:00+00:00,2025-05-02 20:30:00+00:00,BUY,rejected,"dmi_trend_mismatch (+DI=12.60 < -DI=33.00, bearish trend)",1.1329483333333332,1.1327984814814824
2025-05-02 20:30:00+00:00,2025-05-02 20:45:00+00:00,BUY,rejected,"dmi_trend_mismatch (+DI=8.42 < -DI=37.77, bearish trend)",1.1328302380952382,1.1327647777777785
2025-05-05 05:45:00+00:00,2025-05-05 06:00:00+00:00,BUY,rejected,"dmi_trend_mismatch (+DI=23.08 < -DI=24.37, bearish trend)",1.1321423809523812,1.1320835925925934
2025-05-05 06:00:00+00:00,2025-05-05 06:15:00+00:00,BUY,rejected,"dmi_trend_mismatch (+DI=16.04 < -DI=31.10, bearish trend)",1.13221380952381,1.1320724074074082
2025-05-05 06:15:00+00:00,2025-05-05 06:30:00+00:00,BUY,rejected,"dmi_trend_mismatch (+DI=18.56 < -DI=35.71, bearish trend)",1.1322604761904764,1.1320570000000008
2025-05-05 06:30:00+00:00,2025-05-05 06:45:00+00:00,BUY,rejected,"dmi_trend_mismatch (+DI=19.70 < -DI=30.21, bearish trend)",1.1323092857142858,1.1320418148148155
2025-05-05 06:45:00+00:00,2025-05-05 07:00:00+00:00,BUY,rejected,"dmi_trend_mismatch (+DI=23.58 < -DI=27.69, bearish trend)",1.1323692857142857,1.1320282962962969
2025-05-05 07:00:00+00:00,2025-05-05 07:15:00+00:00,BUY,rejected,"dmi_trend_mismatch (+DI=23.46 < -DI=23.60, bearish trend)",1.1324347619047619,1.1320149629629632
2025-05-05 07:15:00+00:00,2025-05-05 07:30:00+00:00,BUY,rejected,"dmi_trend_mismatch (+DI=18.01 < -DI=23.74, bearish trend)",1.1324980952380952,1.1319993703703706
2025-05-05 07:30:00+00:00,2025-05-05 07:45:00+00:00,BUY,rejected,"dmi_trend_mismatch (+DI=19.17 < -DI=23.28, bearish trend)",1.1325690476190475,1.1319820370370373
2025-05-05 07:45:00+00:00,2025-05-05 08:00:00+00:00,BUY,rejected,"dmi_trend_mismatch (+DI=13.39 < -DI=30.50, bearish trend)",1.1325930952380954,1.1319574074074077
2025-05-05 08:00:00+00:00,2025-05-05 08:15:00+00:00,BUY,rejected,stochastic_unfavorable,1.1326571428571428,1.1319396296296298
2025-05-05 08:15:00+00:00,2025-05-05 08:30:00+00:00,BUY,rejected,stochastic_unfavorable,1.132715,1.131921666666667
2025-05-06 10:45:00+00:00,2025-05-06 11:00:00+00:00,BUY,rejected,crossover_threshold_not_met (diff=0.27 pips < 0.35 pips threshold),1.1317578571428573,1.1317308148148144
2025-05-13 23:15:00+00:00,2025-05-13 23:30:00+00:00,BUY,rejected,"dmi_trend_mismatch (+DI=26.01 < -DI=33.16, bearish trend)",1.1173414285714285,1.117187814814814
2025-05-13 23:30:00+00:00,2025-05-13 23:45:00+00:00,BUY,rejected,"dmi_trend_mismatch (+DI=18.36 < -DI=30.36, bearish trend)",1.1174811904761905,1.1171763333333327
2025-05-13 23:45:00+00:00,2025-05-14 00:00:00+00:00,BUY,rejected,"dmi_trend_mismatch (+DI=21.26 < -DI=28.86, bearish trend)",1.1175971428571432,1.1171629629629625
2025-05-14 00:00:00+00:00,2025-05-14 00:15:00+00:00,BUY,rejected,stochastic_unfavorable,1.1177028571428573,1.117149518518518
2025-05-16 15:30:00+00:00,2025-05-16 15:45:00+00:00,SELL,rejected,crossover_threshold_not_met (diff=0.29 pips < 0.35 pips threshold),1.1195995238095238,1.119628148148147
2025-05-19 07:45:00+00:00,2025-05-19 08:00:00+00:00,BUY,rejected,crossover_threshold_not_met (diff=0.22 pips < 0.35 pips threshold),1.119046904761905,1.1190251111111107
2025-06-04 16:45:00+00:00,2025-06-04 17:00:00+00:00,BUY,rejected,crossover_threshold_not_met (diff=0.02 pips < 0.35 pips threshold),1.139959761904762,1.1399578148148144
2025-06-04 17:00:00+00:00,2025-06-04 17:15:00+00:00,BUY,rejected,stochastic_unfavorable,1.140090714285714,1.1399882962962957
2025-06-04 17:15:00+00:00,2025-06-04 17:30:00+00:00,BUY,rejected,"dmi_trend_mismatch (+DI=19.29 < -DI=28.83, bearish trend)",1.140202857142857,1.1400163703703694
2025-06-06 15:30:00+00:00,2025-06-06 15:45:00+00:00,SELL,rejected,"dmi_trend_mismatch (-DI=17.24 < +DI=23.26, bullish trend)",1.1414592857142858,1.1415209259259256
2025-06-06 15:45:00+00:00,2025-06-06 16:00:00+00:00,SELL,rejected,"dmi_trend_mismatch (-DI=17.39 < +DI=19.71, bullish trend)",1.1413759523809526,1.141530259259259
2025-06-06 16:00:00+00:00,2025-06-06 16:15:00+00:00,SELL,rejected,"dmi_trend_mismatch (-DI=18.99 < +DI=19.16, bullish trend)",1.1412883333333335,1.1415399629629626
2025-06-06 16:15:00+00:00,2025-06-06 16:30:00+00:00,SELL,rejected,"dmi_trend_mismatch (-DI=17.93 < +DI=20.30, bullish trend)",1.1411914285714284,1.1415487777777773
2025-06-10 01:00:00+00:00,2025-06-10 01:15:00+00:00,BUY,rejected,crossover_threshold_not_met (diff=0.17 pips < 0.35 pips threshold),1.1422630952380952,1.1422463333333341
2025-06-10 01:15:00+00:00,2025-06-10 01:30:00+00:00,BUY,rejected,"dmi_trend_mismatch (+DI=12.53 < -DI=38.38, bearish trend)",1.1422921428571429,1.1422477037037042
2025-06-10 01:30:00+00:00,2025-06-10 01:45:00+00:00,BUY,rejected,"dmi_trend_mismatch (+DI=12.36 < -DI=39.59, bearish trend)",1.1422947619047619,1.1422468518518523
2025-06-10 01:45:00+00:00,2025-06-10 02:00:00+00:00,BUY,rejected,crossover_threshold_not_met (diff=0.08 pips < 0.35 pips threshold),1.1422509523809523,1.142242592592593
2025-06-10 16:00:00+00:00,2025-06-10 16:15:00+00:00,BUY,rejected,crossover_threshold_not_met (diff=0.23 pips < 0.35 pips threshold),1.1418047619047622,1.1417820740740747
2025-06-10 16:15:00+00:00,2025-06-10 16:30:00+00:00,BUY,rejected,"dmi_trend_mismatch (+DI=18.74 < -DI=23.86, bearish trend)",1.141837380952381,1.1417728148148154
2025-06-10 16:30:00+00:00,2025-06-10 16:45:00+00:00,BUY,rejected,"dmi_trend_mismatch (+DI=16.72 < -DI=21.14, bearish trend)",1.1418666666666668,1.141764518518519
2025-06-10 16:45:00+00:00,2025-06-10 17:00:00+00:00,BUY,rejected,stochastic_unfavorable,1.1419057142857145,1.1417579629629633
2025-06-10 17:00:00+00:00,2025-06-10 17:15:00+00:00,BUY,rejected,stochastic_unfavorable,1.1419466666666669,1.1417492592592595
2025-06-10 17:15:00+00:00,2025-06-10 17:30:00+00:00,BUY,rejected,"dmi_trend_mismatch (+DI=17.34 < -DI=19.34, bearish trend)",1.1420066666666668,1.1417395185185188
2025-06-17 05:30:00+00:00,2025-06-17 05:45:00+00:00,SELL,rejected,crossover_threshold_not_met (diff=0.29 pips < 0.35 pips threshold),1.1558130952380954,1.1558419259259256
2025-06-17 08:30:00+00:00,2025-06-17 08:45:00+00:00,BUY,rejected,crossover_threshold_not_met (diff=0.03 pips < 0.35 pips threshold),1.155727142857143,1.1557246296296289
2025-06-17 08:45:00+00:00,2025-06-17 09:00:00+00:00,BUY,rejected,crossover_threshold_not_met (diff=0.11 pips < 0.35 pips threshold),1.1557080952380954,1.155696629629629
2025-06-17 09:00:00+00:00,2025-06-17 09:15:00+00:00,BUY,rejected,crossover_threshold_not_met (diff=0.29 pips < 0.35 pips threshold),1.1557057142857143,1.1556765925925918
2025-06-17 09:15:00+00:00,2025-06-17 09:30:00+00:00,BUY,close_only,Closed existing short position,1.155707142857143,1.1556600740740735
2025-06-17 16:15:00+00:00,2025-06-17 16:30:00+00:00,SELL,rejected,crossover_threshold_not_met (diff=0.13 pips < 0.35 pips threshold),1.155369523809524,1.1553825555555552
2025-06-23 06:15:00+00:00,2025-06-23 06:30:00+00:00,SELL,rejected,crossover_threshold_not_met (diff=0.23 pips < 0.35 pips threshold),1.1495980952380953,1.1496211481481475
2025-06-23 17:00:00+00:00,2025-06-23 17:15:00+00:00,BUY,rejected,stochastic_unfavorable,1.149630238095238,1.149567222222222
2025-07-03 13:45:00+00:00,2025-07-03 14:00:00+00:00,SELL,rejected,"dmi_trend_mismatch (-DI=19.00 < +DI=31.14, bullish trend)",1.1788945238095234,1.1789461111111115
2025-07-03 14:00:00+00:00,2025-07-03 14:15:00+00:00,SELL,rejected,"dmi_trend_mismatch (-DI=20.22 < +DI=24.75, bullish trend)",1.1788171428571428,1.178944407407408
2025-07-03 14:15:00+00:00,2025-07-03 14:30:00+00:00,SELL,rejected,"dmi_trend_mismatch (-DI=21.33 < +DI=24.80, bullish trend)",1.1787466666666664,1.1789416296296304
2025-07-07 00:00:00+00:00,2025-07-07 00:15:00+00:00,BUY,rejected,crossover_threshold_not_met (diff=0.25 pips < 0.35 pips threshold),1.1778838095238098,1.177859222222222
2025-07-07 00:15:00+00:00,2025-07-07 00:30:00+00:00,BUY,rejected,"dmi_trend_mismatch (+DI=24.51 < -DI=32.54, bearish trend)",1.1778983333333335,1.1778526296296294
2025-07-07 00:30:00+00:00,2025-07-07 00:45:00+00:00,BUY,rejected,"dmi_trend_mismatch (+DI=18.99 < -DI=31.49, bearish trend)",1.1779004761904763,1.1778457037037036
2025-07-07 00:45:00+00:00,2025-07-07 01:00:00+00:00,BUY,rejected,"dmi_trend_mismatch (+DI=18.29 < -DI=23.18, bearish trend)",1.177893333333333,1.1778392962962962
2025-07-07 01:00:00+00:00,2025-07-07 01:15:00+00:00,BUY,rejected,"dmi_trend_mismatch (+DI=18.65 < -DI=32.50, bearish trend)",1.1778761904761903,1.1778315925925924
2025-07-07 01:15:00+00:00,2025-07-07 01:30:00+00:00,BUY,rejected,"dmi_trend_mismatch (+DI=22.19 < -DI=24.37, bearish trend)",1.177875,1.1778256666666667
2025-07-07 01:30:00+00:00,2025-07-07 01:45:00+00:00,BUY,rejected,"dmi_trend_mismatch (+DI=17.03 < -DI=31.21, bearish trend)",1.1778569047619047,1.1778175555555555
2025-07-07 01:45:00+00:00,2025-07-07 02:00:00+00:00,BUY,rejected,crossover_threshold_not_met (diff=0.33 pips < 0.35 pips threshold),1.1778426190476188,1.1778093703703705
2025-07-07 02:00:00+00:00,2025-07-07 02:15:00+00:00,BUY,rejected,crossover_threshold_not_met (diff=0.18 pips < 0.35 pips threshold),1.1778223809523807,1.1778043333333337
2025-07-10 02:45:00+00:00,2025-07-10 03:00:00+00:00,BUY,rejected,stochastic_unfavorable,1.1724511904761907,1.1723709259259254
2025-07-10 03:00:00+00:00,2025-07-10 03:15:00+00:00,BUY,rejected,"dmi_trend_mismatch (+DI=14.24 < -DI=21.99, bearish trend)",1.172537619047619,1.1723642592592587
2025-07-10 03:15:00+00:00,2025-07-10 03:30:00+00:00,BUY,rejected,"dmi_trend_mismatch (+DI=17.57 < -DI=30.53, bearish trend)",1.1726061904761904,1.172356629629629
2025-07-10 03:30:00+00:00,2025-07-10 03:45:00+00:00,BUY,rejected,"dmi_trend_mismatch (+DI=14.57 < -DI=27.89, bearish trend)",1.1726761904761904,1.172351703703703
2025-07-10 03:45:00+00:00,2025-07-10 04:00:00+00:00,BUY,rejected,"dmi_trend_mismatch (+DI=14.74 < -DI=23.70, bearish trend)",1.1727366666666665,1.1723468888888884
2025-07-10 04:00:00+00:00,2025-07-10 04:15:00+00:00,BUY,rejected,"dmi_trend_mismatch (+DI=12.49 < -DI=25.94, bearish trend)",1.1727945238095239,1.172342259259259
2025-07-10 04:15:00+00:00,2025-07-10 04:30:00+00:00,BUY,rejected,"dmi_trend_mismatch (+DI=15.94 < -DI=24.78, bearish trend)",1.1728569047619049,1.1723397407407405
2025-07-10 04:30:00+00:00,2025-07-10 04:45:00+00:00,BUY,rejected,stochastic_unfavorable,1.1729178571428573,1.1723384444444442
2025-07-10 04:45:00+00:00,2025-07-10 05:00:00+00:00,BUY,rejected,stochastic_unfavorable,1.172959761904762,1.1723391481481482
2025-07-10 05:00:00+00:00,2025-07-10 05:15:00+00:00,BUY,rejected,stochastic_unfavorable,1.1730095238095235,1.1723438518518516
2025-07-10 14:30:00+00:00,2025-07-10 14:45:00+00:00,SELL,rejected,stochastic_unfavorable,1.1721895238095237,1.1722793703703707
2025-07-10 14:45:00+00:00,2025-07-10 15:00:00+00:00,SELL,rejected,stochastic_unfavorable,1.172065,1.1722670740740744
2025-07-10 15:00:00+00:00,2025-07-10 15:15:00+00:00,SELL,rejected,"dmi_trend_mismatch (-DI=16.74 < +DI=22.86, bullish trend)",1.1719392857142856,1.1722535185185188
2025-07-10 15:15:00+00:00,2025-07-10 15:30:00+00:00,SELL,rejected,"dmi_trend_mismatch (-DI=19.25 < +DI=21.29, bullish trend)",1.171815476190476,1.1722394814814816
2025-07-10 15:30:00+00:00,2025-07-10 15:45:00+00:00,SELL,rejected,"dmi_trend_mismatch (-DI=23.10 < +DI=24.98, bullish trend)",1.1716849999999999,1.1722256296296296
2025-07-10 15:45:00+00:00,2025-07-10 16:00:00+00:00,SELL,rejected,"dmi_trend_mismatch (-DI=16.08 < +DI=24.78, bullish trend)",1.1715654761904761,1.1722131481481481
2025-07-10 16:00:00+00:00,2025-07-10 16:15:00+00:00,SELL,rejected,"dmi_trend_mismatch (-DI=17.29 < +DI=21.90, bullish trend)",1.1714373809523808,1.1722004444444445
2025-07-10 16:15:00+00:00,2025-07-10 16:30:00+00:00,SELL,rejected,"dmi_trend_mismatch (-DI=16.17 < +DI=22.63, bullish trend)",1.1713157142857142,1.1721918888888894
2025-07-10 16:30:00+00:00,2025-07-10 16:45:00+00:00,SELL,rejected,stochastic_unfavorable,1.1711835714285712,1.172182518518519
2025-07-10 16:45:00+00:00,2025-07-10 17:00:00+00:00,SELL,rejected,stochastic_unfavorable,1.1710538095238097,1.1721743703703709
2025-07-10 17:00:00+00:00,2025-07-10 17:15:00+00:00,SELL,rejected,"dmi_trend_mismatch (-DI=15.97 < +DI=25.64, bullish trend)",1.1709469047619048,1.172166481481482
2025-07-10 17:15:00+00:00,2025-07-10 17:30:00+00:00,SELL,rejected,stochastic_unfavorable,1.1708366666666665,1.172158481481482
2025-07-10 17:30:00+00:00,2025-07-10 17:45:00+00:00,SELL,rejected,stochastic_unfavorable,1.1707259523809523,1.1721502962962966
2025-07-10 17:45:00+00:00,2025-07-10 18:00:00+00:00,SELL,rejected,"dmi_trend_mismatch (-DI=21.58 < +DI=22.96, bullish trend)",1.1706211904761903,1.1721429259259264
2025-07-10 18:00:00+00:00,2025-07-10 18:15:00+00:00,SELL,rejected,"dmi_trend_mismatch (-DI=13.67 < +DI=26.60, bullish trend)",1.170540476190476,1.1721342222222226
2025-07-10 18:15:00+00:00,2025-07-10 18:30:00+00:00,SELL,rejected,"dmi_trend_mismatch (-DI=16.43 < +DI=21.81, bullish trend)",1.1704430952380953,1.17212425925926
2025-07-10 18:30:00+00:00,2025-07-10 18:45:00+00:00,SELL,rejected,stochastic_unfavorable,1.170340714285714,1.1721070740740747
2025-07-10 18:45:00+00:00,2025-07-10 19:00:00+00:00,SELL,rejected,"dmi_trend_mismatch (-DI=13.07 < +DI=19.31, bullish trend)",1.1702580952380952,1.1720910000000007
2025-07-10 19:00:00+00:00,2025-07-10 19:15:00+00:00,SELL,rejected,"dmi_trend_mismatch (-DI=16.14 < +DI=20.78, bullish trend)",1.170175,1.1720753703703708
2025-07-10 19:15:00+00:00,2025-07-10 19:30:00+00:00,SELL,rejected,"dmi_trend_mismatch (-DI=13.65 < +DI=18.61, bullish trend)",1.1700914285714288,1.1720597777777781
2025-07-10 19:30:00+00:00,2025-07-10 19:45:00+00:00,SELL,rejected,"dmi_trend_mismatch (-DI=13.49 < +DI=23.35, bullish trend)",1.1700128571428572,1.172044148148149
2025-07-10 19:45:00+00:00,2025-07-10 20:00:00+00:00,SELL,rejected,"dmi_trend_mismatch (-DI=16.58 < +DI=27.51, bullish trend)",1.169925238095238,1.1720288888888897
2025-07-10 20:00:00+00:00,2025-07-10 20:15:00+00:00,SELL,rejected,"dmi_trend_mismatch (-DI=18.62 < +DI=27.54, bullish trend)",1.1698357142857145,1.1720100000000009
2025-07-10 20:15:00+00:00,2025-07-10 20:30:00+00:00,SELL,rejected,stochastic_unfavorable,1.1697561904761906,1.1719941111111118
2025-07-10 20:30:00+00:00,2025-07-10 20:45:00+00:00,SELL,rejected,"dmi_trend_mismatch (-DI=18.04 < +DI=23.37, bullish trend)",1.16968,1.171976370370371
2025-07-10 20:45:00+00:00,2025-07-10 21:00:00+00:00,SELL,rejected,"dmi_trend_mismatch (-DI=14.07 < +DI=28.04, bullish trend)",1.1696007142857145,1.1719604814814821
2025-07-10 21:15:00+00:00,2025-07-10 21:30:00+00:00,SELL,rejected,"dmi_trend_mismatch (-DI=21.48 < +DI=21.77, bullish trend)",1.1695288095238097,1.17194725925926
2025-07-10 21:30:00+00:00,2025-07-10 21:45:00+00:00,SELL,rejected,"dmi_trend_mismatch (-DI=14.50 < +DI=33.44, bullish trend)",1.1694635714285715,1.171933481481482
2025-07-10 21:45:00+00:00,2025-07-10 22:00:00+00:00,SELL,rejected,"dmi_trend_mismatch (-DI=12.70 < +DI=43.41, bullish trend)",1.1694195238095237,1.1719202222222227
2025-07-10 22:00:00+00:00,2025-07-10 22:15:00+00:00,SELL,rejected,"dmi_trend_mismatch (-DI=14.43 < +DI=38.91, bullish trend)",1.1693857142857145,1.171907555555556
2025-07-10 22:15:00+00:00,2025-07-10 22:30:00+00:00,SELL,rejected,"dmi_trend_mismatch (-DI=16.23 < +DI=27.48, bullish trend)",1.1693583333333333,1.1718928888888895
2025-07-10 22:30:00+00:00,2025-07-10 22:45:00+00:00,SELL,rejected,"dmi_trend_mismatch (-DI=16.92 < +DI=37.50, bullish trend)",1.1693419047619047,1.1718771111111115
2025-07-10 22:45:00+00:00,2025-07-10 23:00:00+00:00,SELL,rejected,"dmi_trend_mismatch (-DI=16.32 < +DI=31.40, bullish trend)",1.1693247619047615,1.1718636666666673
2025-07-10 23:00:00+00:00,2025-07-10 23:15:00+00:00,SELL,rejected,"dmi_trend_mismatch (-DI=18.38 < +DI=26.26, bullish trend)",1.1693223809523807,1.1718512592592598
2025-07-10 23:15:00+00:00,2025-07-10 23:30:00+00:00,SELL,rejected,"dmi_trend_mismatch (-DI=15.71 < +DI=27.80, bullish trend)",1.169325238095238,1.1718390740740747
2025-07-10 23:30:00+00:00,2025-07-10 23:45:00+00:00,SELL,rejected,stochastic_unfavorable,1.1693142857142855,1.171822740740741
2025-07-18 05:45:00+00:00,2025-07-18 06:00:00+00:00,BUY,rejected,crossover_threshold_not_met (diff=0.27 pips < 0.35 pips threshold),1.161499761904762,1.1614727037037036
2025-07-18 06:00:00+00:00,2025-07-18 06:15:00+00:00,BUY,rejected,"dmi_trend_mismatch (+DI=21.14 < -DI=22.25, bearish trend)",1.1615530952380955,1.1614474814814815
2025-07-18 06:15:00+00:00,2025-07-18 06:30:00+00:00,BUY,rejected,"dmi_trend_mismatch (+DI=22.48 < -DI=23.49, bearish trend)",1.1615919047619048,1.1614223333333336
2025-07-25 05:45:00+00:00,2025-07-25 06:00:00+00:00,SELL,rejected,crossover_threshold_not_met (diff=0.09 pips < 0.35 pips threshold),1.1748138095238094,1.1748226666666677
2025-07-25 06:00:00+00:00,2025-07-25 06:15:00+00:00,SELL,rejected,"dmi_trend_mismatch (-DI=20.14 < +DI=28.69, bullish trend)",1.174765238095238,1.1748380000000005
2025-07-25 06:15:00+00:00,2025-07-25 06:30:00+00:00,SELL,rejected,"dmi_trend_mismatch (-DI=18.15 < +DI=24.30, bullish trend)",1.1747238095238095,1.1748531481481488
2025-07-25 06:30:00+00:00,2025-07-25 06:45:00+00:00,SELL,rejected,"dmi_trend_mismatch (-DI=10.45 < +DI=33.33, bullish trend)",1.1747238095238095,1.1748730740740745
2025-07-28 04:00:00+00:00,2025-07-28 04:15:00+00:00,BUY,rejected,crossover_threshold_not_met (diff=0.34 pips < 0.35 pips threshold),1.1751509523809527,1.1751171111111105
2025-07-28 04:15:00+00:00,2025-07-28 04:30:00+00:00,BUY,rejected,"dmi_trend_mismatch (+DI=18.17 < -DI=28.59, bearish trend)",1.1751861904761907,1.1751200370370363
2025-07-28 04:30:00+00:00,2025-07-28 04:45:00+00:00,BUY,rejected,"dmi_trend_mismatch (+DI=10.81 < -DI=37.08, bearish trend)",1.1752102380952383,1.1751229629629625
2025-07-28 04:45:00+00:00,2025-07-28 05:00:00+00:00,BUY,rejected,"dmi_trend_mismatch (+DI=16.97 < -DI=23.33, bearish trend)",1.1752304761904764,1.1751278888888883
2025-07-28 05:00:00+00:00,2025-07-28 05:15:00+00:00,BUY,rejected,"dmi_trend_mismatch (+DI=11.44 < -DI=31.40, bearish trend)",1.1752385714285716,1.1751320370370362
2025-07-28 05:15:00+00:00,2025-07-28 05:30:00+00:00,BUY,rejected,"dmi_trend_mismatch (+DI=9.88 < -DI=32.19, bearish trend)",1.1752433333333334,1.175134555555555
2025-07-28 05:30:00+00:00,2025-07-28 05:45:00+00:00,BUY,rejected,"dmi_trend_mismatch (+DI=18.01 < -DI=24.07, bearish trend)",1.175235,1.1751380740740733
2025-07-28 05:45:00+00:00,2025-07-28 06:00:00+00:00,BUY,rejected,"dmi_trend_mismatch (+DI=20.00 < -DI=26.19, bearish trend)",1.1752319047619049,1.1751395185185176
2025-07-28 06:00:00+00:00,2025-07-28 06:15:00+00:00,BUY,rejected,"dmi_trend_mismatch (+DI=17.49 < -DI=34.39, bearish trend)",1.1752161904761906,1.1751411481481473
2025-07-28 06:15:00+00:00,2025-07-28 06:30:00+00:00,BUY,rejected,crossover_threshold_not_met (diff=0.18 pips < 0.35 pips threshold),1.1751547619047618,1.175136851851851
