timestamp_ns,delivery_count
1769125500000000000,4
1769126400000000000,4
1769127300000000000,4
1769128200000000000,4
1769129100000000000,4
1769130000000000000,4
1769130900000000000,4
1769131800000000000,4
1769132700000000000,4
1769133600000000000,4
1769134500000000000,4
1769135400000000000,4
1769136300000000000,4
1769137200000000000,4
1769138100000000000,4
1769139000000000000,4
1769139900000000000,4
1769140800000000000,4
1769141700000000000,4
1769142600000000000,4
1769143500000000000,4
1769144400000000000,2
1769145300000000000,2
1769146200000000000,2
1769147100000000000,2
1769148000000000000,2
1769148900000000000,2
1769149800000000000,2
1769150700000000000,2
1769151600000000000,2
1769152500000000000,2
1769153400000000000,2
1769154300000000000,2
1769155200000000000,2
1769156100000000000,2
1769157000000000000,2
1769157900000000000,2
1769158800000000000,2
1769159700000000000,2
1769160600000000000,2
1769161500000000000,2
1769162400000000000,2
1769163300000000000,2
1769164200000000000,2
1769165100000000000,2
1769166000000000000,2
1769166900000000000,2
1769167800000000000,2
1769168700000000000,2
1769169600000000000,2
1769170500000000000,2
1769171400000000000,2
1769172300000000000,2
1769173200000000000,2
1769174100000000000,2
1769175000000000000,2
1769175900000000000,2
1769176800000000000,2
1769177700000000000,2
1769178600000000000,2
1769179500000000000,2
1769180400000000000,2
1769181300000000000,2
1769182200000000000,2
1769183100000000000,2
1769184000000000000,2
1769184900000000000,2
1769185800000000000,2
1769186700000000000,2
1769187600000000000,2
1769188500000000000,2
1769189400000000000,2
1769190300000000000,2
1769191200000000000,2
1769192100000000000,2
1769193000000000000,2
1769193900000000000,2
1769194800000000000,2
1769195700000000000,2
1769196600000000000,2
1769197500000000000,2
1769198400000000000,2
1769199300000000000,2
1769200200000000000,2
1769201100000000000,2
1769202000000000000,2
1769202900000000000,2
1769203800000000000,2
1769204700000000000,2
1769379300000000000,2
1769380200000000000,2
1769381100000000000,2
1769382000000000000,2
1769382900000000000,2
1769383800000000000,2
1769384700000000000,2
1769385600000000000,2
1769386500000000000,2
1769387400000000000,2
1769388300000000000,2
1769389200000000000,2
1769390100000000000,2
1769391000000000000,2
1769391900000000000,2
1769392800000000000,2
1769393700000000000,2
1769394600000000000,2
1769395500000000000,2
1769396400000000000,2
1769397300000000000,2
1769398200000000000,2
1769399100000000000,2
1769400000000000000,2
1769400900000000000,2
1769401800000000000,2
1769402700000000000,2
1769403600000000000,2
1769404500000000000,2
1769405400000000000,2
1769406300000000000,2
1769407200000000000,2
1769408100000000000,2
1769409000000000000,2
1769409900000000000,2
1769410800000000000,2
1769411700000000000,2
1769412600000000000,2
1769413500000000000,2
1769414400000000000,2
1769415300000000000,2
1769416200000000000,2
1769417100000000000,2
1769418000000000000,2
1769418900000000000,2
1769419800000000000,2
1769420700000000000,2
1769421600000000000,2
1769422500000000000,2
1769423400000000000,2
1769424300000000000,2
1769425200000000000,2
1769426100000000000,2
1769427000000000000,2
1769427900000000000,2
1769428800000000000,2
1769429700000000000,2
1769430600000000000,2
1769431500000000000,2
1769432400000000000,2
1769433300000000000,2
1769434200000000000,2
1769435100000000000,2
1769436000000000000,2
1769436900000000000,2
1769437800000000000,2
1769438700000000000,2
1769439600000000000,2
1769440500000000000,2
1769441400000000000,2
1769442300000000000,2
1769443200000000000,2
1769444100000000000,2
1769445000000000000,2
1769445900000000000,2
1769446800000000000,2
1769447700000000000,2
1769448600000000000,2
1769449500000000000,2
1769450400000000000,2
1769451300000000000,2
1769452200000000000,2
1769453100000000000,2
1769454000000000000,2
1769454900000000000,2
1769455800000000000,2
1769456700000000000,2
1769457600000000000,2
1769458500000000000,2
1769459400000000000,2
1769460300000000000,2
1769461200000000000,2
1769462100000000000,2
1769463000000000000,2
1769463900000000000,2
1769465700000000000,2
1769466600000000000,2
1769467500000000000,2
1769468400000000000,2
1769469300000000000,2
1769470200000000000,2
1769471100000000000,2
1769472000000000000,2
1769472900000000000,2
1769473800000000000,2
1769474700000000000,2
1769475600000000000,2
1769476500000000000,2
1769477400000000000,2
1769478300000000000,2
1769479200000000000,2
1769480100000000000,2
1769481000000000000,2
1769481900000000000,2
1769482800000000000,2
1769483700000000000,2
1769484600000000000,2
1769485500000000000,2
1769486400000000000,2
1769487300000000000,2
1769488200000000000,2
1769489100000000000,2
1769490000000000000,2
1769490900000000000,2
1769491800000000000,2
1769492700000000000,2
1769493600000000000,2
1769494500000000000,2
1769495400000000000,2
1769496300000000000,2
1769497200000000000,2
1769498100000000000,2
1769499000000000000,2
1769499900000000000,2
1769500800000000000,2
1769501700000000000,2
1769502600000000000,2
1769503500000000000,2
1769504400000000000,2
1769505300000000000,2
1769506200000000000,2
1769507100000000000,2
1769508000000000000,2
1769508900000000000,2
1769509800000000000,2
1769510700000000000,2
1769511600000000000,2
1769512500000000000,2
1769513400000000000,2
1769514300000000000,2
1769515200000000000,2
1769516100000000000,2
1769517000000000000,2
1769517900000000000,2
1769518800000000000,2
1769519700000000000,2
1769520600000000000,2
1769521500000000000,2
1769522400000000000,2
1769523300000000000,2
1769524200000000000,2
1769525100000000000,2
1769526000000000000,2
1769526900000000000,2
1769527800000000000,2
1769528700000000000,2
1769529600000000000,2
1769530500000000000,2
1769531400000000000,2
1769532300000000000,2
1769533200000000000,2
1769534100000000000,2
1769535000000000000,2
1769535900000000000,2
1769536800000000000,2
1769537700000000000,2
1769538600000000000,2
1769539500000000000,2
1769540400000000000,2
1769541300000000000,2
1769542200000000000,2
1769543100000000000,2
1769544000000000000,2
1769544900000000000,2
1769545800000000000,2
1769546700000000000,2
1769547600000000000,2
1769548500000000000,2
1769549400000000000,2
1769550300000000000,2
1769552100000000000,2
1769553000000000000,2
1769553900000000000,2
1769554800000000000,2
1769555700000000000,2
1769556600000000000,2
1769557500000000000,2
1769558400000000000,2
1769559300000000000,2
1769560200000000000,2
1769561100000000000,2
1769562000000000000,2
1769562900000000000,2
1769563800000000000,2
1769564700000000000,2
1769565600000000000,2
1769566500000000000,2
1769567400000000000,2
1769568300000000000,2
1769569200000000000,2
1769570100000000000,2
1769571000000000000,2
1769571900000000000,2
1769572800000000000,2
1769573700000000000,2
1769574600000000000,2
1769575500000000000,2
1769576400000000000,2
1769577300000000000,2
1769578200000000000,2
1769579100000000000,2
1769580000000000000,2
1769580900000000000,2
1769581800000000000,2
1769582700000000000,2
1769583600000000000,2
1769584500000000000,2
1769585400000000000,2
1769586300000000000,2
1769587200000000000,2
1769588100000000000,2
1769589000000000000,2
1769589900000000000,2
1769590800000000000,2
1769591700000000000,2
1769592600000000000,2
1769593500000000000,2
1769594400000000000,2
1769595300000000000,2
1769596200000000000,2
1769597100000000000,2
1769598000000000000,2
1769598900000000000,2
1769599800000000000,2
1769600700000000000,2
1769601600000000000,2
1769602500000000000,2
1769603400000000000,2
1769604300000000000,2
1769605200000000000,2
1769606100000000000,2
1769607000000000000,2
1769607900000000000,2
1769608800000000000,2
1769609700000000000,2
1769610600000000000,2
1769611500000000000,2
1769612400000000000,2
1769613300000000000,2
1769614200000000000,2
1769615100000000000,2
1769616000000000000,2
1769616900000000000,2
1769617800000000000,2
1769618700000000000,2
1769619600000000000,2
1769620500000000000,2
1769621400000000000,2
1769622300000000000,2
1769623200000000000,2
1769624100000000000,2
1769625000000000000,2
1769625900000000000,2
1769626800000000000,2
1769627700000000000,2
1769628600000000000,2
1769629500000000000,2
1769630400000000000,2
1769631300000000000,2
1769632200000000000,2
1769633100000000000,2
1769634000000000000,2
1769634900000000000,2
1769635800000000000,2
1769636700000000000,2
1769638500000000000,4
1769639400000000000,4
1769640300000000000,4
1769641200000000000,4
1769642100000000000,4
1769643000000000000,4
1769643900000000000,4
1769644800000000000,4
1769645700000000000,4
1769646600000000000,4
1769647500000000000,4
1769648400000000000,4
1769649300000000000,4
1769650200000000000,4
1769651100000000000,4
1769652000000000000,4
1769652900000000000,4
1769653800000000000,4
1769654700000000000,4
1769655600000000000,4
1769656500000000000,4
1769657400000000000,4
1769658300000000000,4
1769659200000000000,4
1769660100000000000,4
1769661000000000000,4
1769661900000000000,4
1769662800000000000,4
1769663700000000000,4
1769664600000000000,4
1769665500000000000,4
1769666400000000000,4
1769667300000000000,4
1769668200000000000,4
1769669100000000000,4
1769670000000000000,4
1769670900000000000,4
1769671800000000000,4
1769672700000000000,4
1769673600000000000,4
1769674500000000000,4
1769675400000000000,4
1769676300000000000,4
1769677200000000000,4
1769678100000000000,4
1769679000000000000,4
1769679900000000000,4
1769680800000000000,4
1769681700000000000,4
1769682600000000000,4
1769683500000000000,4
1769684400000000000,4
1769685300000000000,4
1769686200000000000,4
1769687100000000000,4
1769688000000000000,4
1769688900000000000,4
1769689800000000000,4
1769690700000000000,4
1769691600000000000,4
1769692500000000000,4
1769693400000000000,4
1769694300000000000,4
1769695200000000000,4
1769696100000000000,4
1769697000000000000,4
1769697900000000000,4
1769698800000000000,4
1769699700000000000,4
1769700600000000000,4
1769701500000000000,4
1769702400000000000,4
1769703300000000000,4
1769704200000000000,4
1769705100000000000,4
1769706000000000000,4
1769706900000000000,4
1769707800000000000,4
1769708700000000000,4
1769709600000000000,4
1769710500000000000,4
1769711400000000000,4
1769712300000000000,4
1769713200000000000,4
1769714100000000000,4
1769715000000000000,4
1769715900000000000,4
1769716800000000000,4
1769717700000000000,4
1769718600000000000,4
1769719500000000000,4
1769720400000000000,4
1769721300000000000,4
1769722200000000000,4
1769723100000000000,4
1769724900000000000,4
1769725800000000000,4
1769726700000000000,4
1769727600000000000,4
1769728500000000000,4
1769729400000000000,4
1769730300000000000,4
1769731200000000000,4
1769732100000000000,4
1769733000000000000,4
1769733900000000000,4
1769734800000000000,4
1769735700000000000,4
1769736600000000000,4
1769737500000000000,4
1769738400000000000,4
1769739300000000000,4
1769740200000000000,4
1769741100000000000,4
1769742000000000000,4
1769742900000000000,4
1769743800000000000,4
1769744700000000000,4
1769745600000000000,4
1769746500000000000,4
1769747400000000000,4
1769748300000000000,4
1769749200000000000,4
1769750100000000000,4
1769751000000000000,4
1769751900000000000,4
1769752800000000000,4
1769753700000000000,4
1769754600000000000,4
1769755500000000000,4
1769756400000000000,4
1769757300000000000,4
1769758200000000000,4
1769759100000000000,4
1769760000000000000,4
1769760900000000000,4
1769761800000000000,4
1769762700000000000,4
1769763600000000000,4
1769764500000000000,4
1769765400000000000,4
1769766300000000000,4
1769767200000000000,4
1769768100000000000,4
1769769000000000000,4
1769769900000000000,4
1769770800000000000,4
1769771700000000000,4
1769772600000000000,4
1769773500000000000,4
1769774400000000000,4
1769775300000000000,4
1769776200000000000,4
1769777100000000000,4
1769778000000000000,4
1769778900000000000,4
1769779800000000000,4
1769780700000000000,4
1769781600000000000,4
1769782500000000000,4
1769783400000000000,4
1769784300000000000,4
1769785200000000000,4
1769786100000000000,4
1769787000000000000,4
1769787900000000000,4
1769788800000000000,4
1769789700000000000,4
1769790600000000000,4
1769791500000000000,4
1769792400000000000,4
1769793300000000000,4
1769794200000000000,4
1769795100000000000,4
1769796000000000000,4
1769796900000000000,4
1769797800000000000,4
1769798700000000000,4
1769799600000000000,4
1769800500000000000,4
1769801400000000000,4
1769802300000000000,4
1769803200000000000,4
1769804100000000000,4
1769805000000000000,4
1769805900000000000,4
1769806800000000000,4
1769807700000000000,4
1769808600000000000,4
1769809500000000000,4
1769984100000000000,2
1769985000000000000,2
1769985900000000000,2
1769986800000000000,2
1769987700000000000,2
1769988600000000000,2
1769989500000000000,2
1769990400000000000,2
1769991300000000000,2
1769992200000000000,2
1769993100000000000,2
1769994000000000000,2
1769994900000000000,2
1769995800000000000,2
1769996700000000000,2
1769997600000000000,2
1769998500000000000,2
1769999400000000000,2
1770000300000000000,2
1770001200000000000,2
1770002100000000000,2
1770003000000000000,2
1770003900000000000,2
1770004800000000000,2
1770005700000000000,2
1770006600000000000,2
1770007500000000000,2
1770008400000000000,2
1770009300000000000,2
1770010200000000000,2
1770011100000000000,2
1770012000000000000,2
1770012900000000000,2
1770013800000000000,2
1770014700000000000,2
1770015600000000000,2
1770016500000000000,2
1770017400000000000,2
1770018300000000000,2
1770019200000000000,2
1770020100000000000,2
1770021000000000000,2
1770021900000000000,2
1770022800000000000,2
1770023700000000000,2
1770024600000000000,2
1770025500000000000,2
1770026400000000000,2
1770027300000000000,2
1770028200000000000,2
1770029100000000000,2
1770030000000000000,2
1770030900000000000,2
1770031800000000000,2
1770032700000000000,2
1770033600000000000,2
1770034500000000000,2
1770035400000000000,2
1770036300000000000,2
1770037200000000000,2
1770038100000000000,2
1770039000000000000,2
1770039900000000000,2
1770040800000000000,2
1770041700000000000,2
1770042600000000000,2
1770043500000000000,2
1770044400000000000,2
1770045300000000000,2
1770046200000000000,2
1770047100000000000,2
1770048000000000000,2
1770048900000000000,2
1770049800000000000,2
1770050700000000000,2
1770051600000000000,2
1770052500000000000,2
1770053400000000000,2
1770054300000000000,2
1770055200000000000,2
1770056100000000000,2
1770057000000000000,2
1770057900000000000,2
1770058800000000000,2
1770059700000000000,2
1770060600000000000,2
1770061500000000000,2
1770062400000000000,2
1770063300000000000,2
1770064200000000000,2
1770065100000000000,2
1770066000000000000,2
1770066900000000000,2
1770067800000000000,2
1770068700000000000,2
1770070500000000000,2
1770071400000000000,2
1770072300000000000,2
1770073200000000000,2
1770074100000000000,2
1770075000000000000,2
1770075900000000000,2
1770076800000000000,2
1770077700000000000,2
1770078600000000000,2
1770079500000000000,2
1770080400000000000,2
1770081300000000000,2
1770082200000000000,2
1770083100000000000,2
1770084000000000000,2
1770084900000000000,2
1770085800000000000,2
1770086700000000000,2
1770087600000000000,2
1770088500000000000,2
1770089400000000000,2
1770090300000000000,2
1770091200000000000,2
1770092100000000000,2
1770093000000000000,2
1770093900000000000,2
1770094800000000000,2
1770095700000000000,2
1770096600000000000,2
1770097500000000000,2
1770098400000000000,2
1770099300000000000,2
1770100200000000000,2
1770101100000000000,2
1770102000000000000,2
1770102900000000000,2
1770103800000000000,2
1770104700000000000,2
1770105600000000000,2
1770106500000000000,2
1770107400000000000,2
1770108300000000000,2
1770109200000000000,2
1770110100000000000,2
1770111000000000000,2
1770111900000000000,2
1770112800000000000,2
1770113700000000000,2
1770114600000000000,2
1770115500000000000,2
1770116400000000000,2
1770117300000000000,2
1770118200000000000,2
1770119100000000000,2
1770120000000000000,2
1770120900000000000,2
1770121800000000000,2
1770122700000000000,2
1770123600000000000,2
1770124500000000000,2
1770125400000000000,2
1770126300000000000,2
1770127200000000000,2
1770128100000000000,2
1770129000000000000,2
1770129900000000000,2
1770130800000000000,2
1770131700000000000,2
1770132600000000000,2
1770133500000000000,2
1770134400000000000,2
1770135300000000000,2
1770136200000000000,2
1770137100000000000,2
1770138000000000000,2
1770138900000000000,2
1770139800000000000,2
1770140700000000000,2
1770141600000000000,2
1770142500000000000,2
1770143400000000000,2
1770144300000000000,2
1770145200000000000,2
1770146100000000000,2
1770147000000000000,2
1770147900000000000,2
1770148800000000000,2
1770149700000000000,2
1770150600000000000,2
1770151500000000000,2
1770152400000000000,2
1770153300000000000,2
1770154200000000000,2
1770155100000000000,2
1770156900000000000,2
1770157800000000000,2
1770158700000000000,2
1770159600000000000,2
1770160500000000000,2
1770161400000000000,2
1770162300000000000,2
1770163200000000000,2
1770164100000000000,2
1770165000000000000,2
1770165900000000000,2
1770166800000000000,2
1770167700000000000,2
1770168600000000000,2
1770169500000000000,2
1770170400000000000,2
1770171300000000000,2
1770172200000000000,2
1770173100000000000,2
1770174000000000000,2
1770174900000000000,2
1770175800000000000,2
1770176700000000000,2
1770177600000000000,2
1770178500000000000,2
1770179400000000000,2
1770180300000000000,2
1770181200000000000,2
1770182100000000000,2
1770183000000000000,2
1770183900000000000,2
1770184800000000000,2
1770185700000000000,2
1770186600000000000,2
1770187500000000000,2
1770188400000000000,2
1770189300000000000,2
1770190200000000000,2
1770191100000000000,2
1770192000000000000,2
1770192900000000000,2
1770193800000000000,2
1770194700000000000,2
1770195600000000000,2
1770196500000000000,2
1770197400000000000,2
1770198300000000000,2
1770199200000000000,2
1770200100000000000,2
1770201000000000000,2
1770201900000000000,2
1770202800000000000,2
1770203700000000000,2
1770204600000000000,2
1770205500000000000,2
1770206400000000000,2
1770207300000000000,2
1770208200000000000,2
1770209100000000000,2
1770210000000000000,2
1770210900000000000,2
1770211800000000000,2
1770212700000000000,2
1770213600000000000,2
1770214500000000000,2
1770215400000000000,2
1770216300000000000,2
1770217200000000000,2
1770218100000000000,2
1770219000000000000,2
1770219900000000000,2
1770220800000000000,2
1770221700000000000,2
1770222600000000000,2
1770223500000000000,2
1770224400000000000,2
1770225300000000000,2
1770226200000000000,2
1770227100000000000,2
1770228000000000000,2
1770228900000000000,2
1770229800000000000,2
1770230700000000000,2
1770231600000000000,2
1770232500000000000,2
1770233400000000000,2
1770234300000000000,2
1770235200000000000,2
1770236100000000000,2
1770237000000000000,2
1770237900000000000,2
1770238800000000000,2
1770239700000000000,2
1770240600000000000,2
1770241500000000000,2
1770243300000000000,2
1770244200000000000,2
1770245100000000000,2
1770246000000000000,2
1770246900000000000,2
1770247800000000000,2
1770248700000000000,2
1770249600000000000,2
1770250500000000000,2
1770251400000000000,2
1770252300000000000,2
1770253200000000000,2
1770254100000000000,2
1770255000000000000,2
1770255900000000000,2
1770256800000000000,2
1770257700000000000,2
1770258600000000000,2
1770259500000000000,2
1770260400000000000,2
1770261300000000000,2
1770262200000000000,2
1770263100000000000,2
1770264000000000000,2
1770264900000000000,2
1770265800000000000,2
1770266700000000000,2
1770267600000000000,2
1770268500000000000,2
1770269400000000000,2
1770270300000000000,2
1770271200000000000,2
1770272100000000000,2
1770273000000000000,2
1770273900000000000,2
1770274800000000000,2
1770275700000000000,2
1770276600000000000,2
1770277500000000000,2
1770278400000000000,2
1770279300000000000,2
1770280200000000000,2
1770281100000000000,2
1770282000000000000,2
1770282900000000000,2
1770283800000000000,2
1770284700000000000,2
1770285600000000000,2
1770286500000000000,2
1770287400000000000,2
1770288300000000000,2
1770289200000000000,2
1770290100000000000,2
1770291000000000000,2
1770291900000000000,2
1770292800000000000,2
1770293700000000000,2
1770294600000000000,2
1770295500000000000,2
1770296400000000000,2
1770297300000000000,2
1770298200000000000,2
1770299100000000000,2
1770300000000000000,2
1770300900000000000,2
1770301800000000000,2
1770302700000000000,2
1770303600000000000,2
1770304500000000000,2
1770305400000000000,2
1770306300000000000,2
1770307200000000000,2
1770308100000000000,2
1770309000000000000,2
1770309900000000000,2
1770310800000000000,2
1770311700000000000,2
1770312600000000000,2
1770313500000000000,2
1770314400000000000,2
1770315300000000000,2
1770316200000000000,2
1770317100000000000,2
1770318000000000000,2
1770318900000000000,2
1770319800000000000,2
1770320700000000000,2
1770321600000000000,2
1770322500000000000,2
1770323400000000000,2
1770324300000000000,2
1770325200000000000,2
1770326100000000000,2
1770327000000000000,2
1770327900000000000,2
1770329700000000000,4
1770330600000000000,4
1770331500000000000,4
1770332400000000000,4
1770333300000000000,4
1770334200000000000,4
1770335100000000000,4
1770336000000000000,4
1770336900000000000,4
1770337800000000000,4
1770338700000000000,4
1770339600000000000,4
1770340500000000000,4
1770341400000000000,4
1770342300000000000,4
1770343200000000000,4
1770344100000000000,4
1770345000000000000,4
1770345900000000000,4
1770346800000000000,4
1770347700000000000,4
1770348600000000000,4
1770349500000000000,4
1770350400000000000,4
1770351300000000000,4
1770352200000000000,4
1770353100000000000,4
1770354000000000000,4
1770354900000000000,4
1770355800000000000,4
1770356700000000000,4
1770357600000000000,4
1770358500000000000,4
1770359400000000000,4
1770360300000000000,4
1770361200000000000,4
1770362100000000000,4
1770363000000000000,4
1770363900000000000,4
1770364800000000000,4
1770365700000000000,4
1770366600000000000,4
1770367500000000000,4
1770368400000000000,4
1770369300000000000,4
1770370200000000000,4
1770371100000000000,4
1770372000000000000,4
1770372900000000000,4
1770373800000000000,4
1770374700000000000,4
1770375600000000000,4
1770376500000000000,4
1770377400000000000,4
1770378300000000000,4
1770379200000000000,4
1770380100000000000,4
1770381000000000000,4
1770381900000000000,4
1770382800000000000,4
1770383700000000000,4
1770384600000000000,4
1770385500000000000,4
1770386400000000000,4
1770387300000000000,4
1770388200000000000,4
1770389100000000000,4
1770390000000000000,4
1770390900000000000,4
1770391800000000000,4
1770392700000000000,4
1770393600000000000,4
1770394500000000000,4
1770395400000000000,4
1770396300000000000,4
1770397200000000000,4
1770398100000000000,4
1770399000000000000,4
1770399900000000000,4
1770400800000000000,4
1770401700000000000,4
1770402600000000000,4
1770403500000000000,4
1770404400000000000,4
1770405300000000000,4
1770406200000000000,4
1770407100000000000,4
1770408000000000000,4
1770408900000000000,4
1770409800000000000,4
1770410700000000000,4
1770411600000000000,4
1770412500000000000,4
1770413400000000000,4
1770414300000000000,4
1770588900000000000,4
1770589800000000000,4
1770590700000000000,4
1770591600000000000,4
1770592500000000000,4
1770593400000000000,4
1770594300000000000,4
1770595200000000000,4
1770596100000000000,4
1770597000000000000,4
1770597900000000000,4
1770598800000000000,4
1770599700000000000,4
1770600600000000000,4
1770601500000000000,4
1770602400000000000,4
1770603300000000000,4
1770604200000000000,4
1770605100000000000,4
1770606000000000000,4
1770606900000000000,4
1770607800000000000,4
1770608700000000000,4
1770609600000000000,4
1770610500000000000,4
1770611400000000000,4
1770612300000000000,4
1770613200000000000,2
1770614100000000000,2
1770615000000000000,2
1770615900000000000,2
1770616800000000000,2
1770617700000000000,2
1770618600000000000,2
1770619500000000000,2
1770620400000000000,2
1770621300000000000,2
1770622200000000000,2
1770623100000000000,2
1770624000000000000,2
1770624900000000000,2
1770625800000000000,2
1770626700000000000,2
1770627600000000000,2
1770628500000000000,2
1770629400000000000,2
1770630300000000000,2
1770631200000000000,2
1770632100000000000,2
1770633000000000000,2
1770633900000000000,2
1770634800000000000,2
1770635700000000000,2
1770636600000000000,2
1770637500000000000,2
1770638400000000000,2
1770639300000000000,2
1770640200000000000,2
1770641100000000000,2
1770642000000000000,2
1770642900000000000,2
1770643800000000000,2
1770644700000000000,2
1770645600000000000,2
1770646500000000000,2
1770647400000000000,2
1770648300000000000,2
1770649200000000000,2
1770650100000000000,2
1770651000000000000,2
1770651900000000000,2
1770652800000000000,2
1770653700000000000,2
1770654600000000000,2
1770655500000000000,2
1770656400000000000,2
1770657300000000000,2
1770658200000000000,2
1770659100000000000,2
1770660000000000000,2
1770660900000000000,2
1770661800000000000,2
1770662700000000000,2
1770663600000000000,2
1770664500000000000,2
1770665400000000000,2
1770666300000000000,2
1770667200000000000,2
1770668100000000000,2
1770669000000000000,2
1770669900000000000,2
1770670800000000000,2
1770671700000000000,2
1770672600000000000,2
1770673500000000000,2
1770675300000000000,2
1770676200000000000,2
1770677100000000000,2
1770678000000000000,2
1770678900000000000,2
1770679800000000000,2
1770680700000000000,2
1770681600000000000,2
1770682500000000000,2
1770683400000000000,2
1770684300000000000,2
1770685200000000000,2
1770686100000000000,2
1770687000000000000,2
1770687900000000000,2
1770688800000000000,2
1770689700000000000,2
1770690600000000000,2
1770691500000000000,2
1770692400000000000,2
1770693300000000000,2
1770694200000000000,2
1770695100000000000,2
1770696000000000000,2
1770696900000000000,2
1770697800000000000,2
1770698700000000000,2
1770699600000000000,2
1770700500000000000,2
1770701400000000000,2
1770702300000000000,2
1770703200000000000,2
1770704100000000000,2
1770705000000000000,2
1770705900000000000,2
1770706800000000000,2
1770707700000000000,2
1770708600000000000,2
1770709500000000000,2
1770710400000000000,2
1770711300000000000,2
1770712200000000000,2
1770713100000000000,2
1770714000000000000,2
1770714900000000000,2
1770715800000000000,2
1770716700000000000,2
1770717600000000000,2
1770718500000000000,2
1770719400000000000,2
1770720300000000000,2
1770721200000000000,2
1770722100000000000,2
1770723000000000000,2
1770723900000000000,2
1770724800000000000,2
1770725700000000000,2
1770726600000000000,2
1770727500000000000,2
1770728400000000000,2
1770729300000000000,2
1770730200000000000,2
1770731100000000000,2
1770732000000000000,2
1770732900000000000,2
1770733800000000000,2
1770734700000000000,2
1770735600000000000,2
1770736500000000000,2
1770737400000000000,2
1770738300000000000,2
1770739200000000000,2
1770740100000000000,2
1770741000000000000,2
1770741900000000000,2
1770742800000000000,2
1770743700000000000,2
1770744600000000000,2
1770745500000000000,2
1770746400000000000,2
1770747300000000000,2
1770748200000000000,2
1770749100000000000,2
1770750000000000000,2
1770750900000000000,2
1770751800000000000,2
1770752700000000000,2
1770753600000000000,2
1770754500000000000,2
1770755400000000000,2
1770756300000000000,2
1770757200000000000,2
1770758100000000000,2
1770759000000000000,2
1770759900000000000,2
1770761700000000000,2
1770762600000000000,2
1770763500000000000,2
1770764400000000000,2
1770765300000000000,2
1770766200000000000,2
1770767100000000000,2
1770768000000000000,2
1770768900000000000,2
1770769800000000000,2
1770770700000000000,2
1770771600000000000,2
1770772500000000000,2
1770773400000000000,2
1770774300000000000,2
1770775200000000000,2
1770776100000000000,2
1770777000000000000,2
1770777900000000000,2
1770778800000000000,2
1770779700000000000,2
1770780600000000000,2
1770781500000000000,2
1770782400000000000,2
1770783300000000000,2
1770784200000000000,2
1770785100000000000,2
1770786000000000000,2
1770786900000000000,2
1770787800000000000,2
1770788700000000000,2
1770789600000000000,2
1770790500000000000,2
1770791400000000000,2
1770792300000000000,2
1770793200000000000,2
1770794100000000000,2
1770795000000000000,2
1770795900000000000,2
1770796800000000000,2
1770797700000000000,2
1770798600000000000,2
1770799500000000000,2
1770800400000000000,2
1770801300000000000,2
1770802200000000000,2
1770803100000000000,2
1770804000000000000,2
1770804900000000000,2
1770805800000000000,2
1770806700000000000,2
1770807600000000000,2
1770808500000000000,2
1770809400000000000,2
1770810300000000000,2
1770811200000000000,2
1770812100000000000,2
1770813000000000000,2
1770813900000000000,2
1770814800000000000,2
1770815700000000000,2
1770816600000000000,2
1770817500000000000,2
1770818400000000000,2
1770819300000000000,2
1770820200000000000,2
1770821100000000000,2
1770822000000000000,2
1770822900000000000,2
1770823800000000000,2
1770824700000000000,2
1770825600000000000,2
1770826500000000000,2
1770827400000000000,2
1770828300000000000,2
1770829200000000000,2
1770830100000000000,2
1770831000000000000,2
1770831900000000000,2
1770832800000000000,2
1770833700000000000,2
1770834600000000000,2
1770835500000000000,2
1770836400000000000,2
1770837300000000000,2
1770838200000000000,2
1770839100000000000,2
1770840000000000000,2
1770840900000000000,2
1770841800000000000,2
1770842700000000000,2
1770843600000000000,2
1770844500000000000,2
1770845400000000000,2
1770846300000000000,2
1770848100000000000,2
1770849000000000000,2
1770849900000000000,2
1770850800000000000,2
1770851700000000000,2
1770852600000000000,2
1770853500000000000,2
1770854400000000000,2
1770855300000000000,2
1770856200000000000,2
1770857100000000000,2
1770858000000000000,2
1770858900000000000,2
1770859800000000000,2
1770860700000000000,2
1770861600000000000,2
1770862500000000000,2
1770863400000000000,2
1770864300000000000,2
1770865200000000000,2
1770866100000000000,2
1770867000000000000,2
1770867900000000000,2
1770868800000000000,2
1770869700000000000,2
1770870600000000000,2
1770871500000000000,2
1770872400000000000,2
1770873300000000000,2
1770874200000000000,2
1770875100000000000,2
1770876000000000000,2
1770876900000000000,2
1770877800000000000,2
1770878700000000000,2
1770879600000000000,2
1770880500000000000,2
1770881400000000000,2
1770882300000000000,2
1770883200000000000,2
1770884100000000000,2
1770885000000000000,2
1770885900000000000,2
1770886800000000000,2
1770887700000000000,2
1770888600000000000,2
1770889500000000000,2
1770890400000000000,2
1770891300000000000,2
1770892200000000000,2
1770893100000000000,2
1770894000000000000,2
1770894900000000000,2
1770895800000000000,2
1770896700000000000,2
1770897600000000000,2
1770898500000000000,2
1770899400000000000,2
1770900300000000000,2
1770901200000000000,2
1770902100000000000,2
1770903000000000000,2
1770903900000000000,2
1770904800000000000,2
1770905700000000000,2
1770906600000000000,2
1770907500000000000,2
1770908400000000000,2
1770909300000000000,2
1770910200000000000,2
1770911100000000000,2
1770912000000000000,2
1770912900000000000,2
1770913800000000000,2
1770914700000000000,2
1770915600000000000,2
1770916500000000000,2
1770917400000000000,2
1770918300000000000,2
1770919200000000000,2
1770920100000000000,2
1770921000000000000,2
1770921900000000000,2
1770922800000000000,2
1770923700000000000,2
1770924600000000000,2
1770925500000000000,2
1770926400000000000,2
1770927300000000000,2
1770928200000000000,2
1770929100000000000,2
1770930000000000000,2
1770930900000000000,2
1770931800000000000,2
1770932700000000000,2
1770934500000000000,2
1770935400000000000,2
1770936300000000000,2
1770937200000000000,2
1770938100000000000,2
1770939000000000000,2
1770939900000000000,2
1770940800000000000,2
1770941700000000000,2
1770942600000000000,2
1770943500000000000,2
1770944400000000000,2
1770945300000000000,2
1770946200000000000,2
1770947100000000000,2
1770948000000000000,2
1770948900000000000,2
1770949800000000000,2
1770950700000000000,2
1770951600000000000,2
1770952500000000000,2
1770953400000000000,2
1770954300000000000,2
1770955200000000000,2
1770956100000000000,2
1770957000000000000,2
1770957900000000000,2
1770958800000000000,2
1770959700000000000,2
1770960600000000000,2
1770961500000000000,2
1770962400000000000,2
1770963300000000000,2
1770964200000000000,2
1770965100000000000,2
1770966000000000000,2
1770966900000000000,2
1770967800000000000,2
1770968700000000000,2
1770969600000000000,2
1770970500000000000,2
1770971400000000000,2
1770972300000000000,2
1770973200000000000,2
1770974100000000000,2
1770975000000000000,2
1770975900000000000,2
1770976800000000000,2
1770977700000000000,2
1770978600000000000,2
1770979500000000000,2
1770980400000000000,2
1770981300000000000,2
1770982200000000000,2
1770983100000000000,2
1770984000000000000,2
1770984900000000000,2
1770985800000000000,2
1770986700000000000,2
1770987600000000000,2
1770988500000000000,2
1770989400000000000,2
1770990300000000000,2
1770991200000000000,2
1770992100000000000,2
1770993000000000000,2
1770993900000000000,2
1770994800000000000,2
1770995700000000000,2
1770996600000000000,2
1770997500000000000,2
1770998400000000000,2
1770999300000000000,2
1771000200000000000,2
1771001100000000000,2
1771002000000000000,2
1771002900000000000,2
1771003800000000000,2
1771004700000000000,2
1771005600000000000,2
1771006500000000000,2
1771007400000000000,2
1771008300000000000,2
1771009200000000000,2
1771010100000000000,2
1771011000000000000,2
1771011900000000000,2
1771012800000000000,2
1771013700000000000,2
1771014600000000000,2
1771015500000000000,2
1771016400000000000,2
1771017300000000000,2
1771018200000000000,2
1771019100000000000,2
1771193700000000000,4
1771194600000000000,4
1771195500000000000,4
1771196400000000000,4
1771197300000000000,4
1771198200000000000,4
1771199100000000000,4
1771200000000000000,4
1771200900000000000,4
1771201800000000000,4
1771202700000000000,4
1771203600000000000,4
1771204500000000000,4
1771205400000000000,4
1771206300000000000,4
1771207200000000000,4
1771208100000000000,4
1771209000000000000,4
1771209900000000000,4
1771210800000000000,4
1771211700000000000,4
1771212600000000000,4
1771213500000000000,4
1771214400000000000,4
1771215300000000000,4
1771216200000000000,4
1771217100000000000,4
1771218000000000000,2
1771218900000000000,2
1771219800000000000,2
1771220700000000000,2
1771221600000000000,2
1771222500000000000,2
1771223400000000000,2
1771224300000000000,2
1771225200000000000,2
1771226100000000000,2
1771227000000000000,2
1771227900000000000,2
1771228800000000000,2
1771229700000000000,2
1771230600000000000,2
1771231500000000000,2
1771232400000000000,2
1771233300000000000,2
1771234200000000000,2
1771235100000000000,2
1771236000000000000,2
1771236900000000000,2
1771237800000000000,2
1771238700000000000,2
1771239600000000000,2
1771240500000000000,2
1771241400000000000,2
1771242300000000000,2
1771243200000000000,2
1771244100000000000,2
1771245000000000000,2
1771245900000000000,2
1771246800000000000,2
1771247700000000000,2
1771248600000000000,2
1771249500000000000,2
1771250400000000000,2
1771251300000000000,2
1771252200000000000,2
1771253100000000000,2
1771254000000000000,2
1771254900000000000,2
1771255800000000000,2
1771256700000000000,2
1771257600000000000,2
1771258500000000000,2
1771259400000000000,2
1771260300000000000,2
1771261200000000000,2
1771262100000000000,2
1771263000000000000,2
1771263900000000000,2
1771264800000000000,2
1771265700000000000,2
1771266600000000000,2
1771267500000000000,2
1771268400000000000,2
1771269300000000000,2
1771270200000000000,2
1771271100000000000,2
1771272000000000000,2
1771272900000000000,2
1771273800000000000,2
1771274700000000000,2
1771275600000000000,2
1771276500000000000,2
1771277400000000000,2
1771278300000000000,2
1771280100000000000,4
1771281000000000000,4
1771281900000000000,4
1771282800000000000,4
1771283700000000000,4
1771284600000000000,4
1771285500000000000,4
1771286400000000000,4
1771287300000000000,4
1771288200000000000,4
1771289100000000000,4
1771290000000000000,4
1771290900000000000,4
1771291800000000000,4
1771292700000000000,4
1771293600000000000,4
1771294500000000000,4
1771295400000000000,4
1771296300000000000,4
1771297200000000000,4
1771298100000000000,4
1771299000000000000,4
1771299900000000000,4
1771300800000000000,4
1771301700000000000,4
1771302600000000000,4
1771303500000000000,4
1771304400000000000,4
1771305300000000000,4
1771306200000000000,4
1771307100000000000,4
1771308000000000000,4
1771308900000000000,4
1771309800000000000,4
1771310700000000000,4
1771311600000000000,4
1771312500000000000,4
1771313400000000000,4
1771314300000000000,4
1771315200000000000,4
1771316100000000000,4
1771317000000000000,4
1771317900000000000,4
1771318800000000000,4
1771319700000000000,4
1771320600000000000,4
1771321500000000000,4
1771322400000000000,4
1771323300000000000,4
1771324200000000000,4
1771325100000000000,4
1771326000000000000,4
1771326900000000000,4
1771327800000000000,4
1771328700000000000,4
1771329600000000000,4
1771330500000000000,4
1771331400000000000,4
1771332300000000000,4
1771333200000000000,4
1771334100000000000,4
1771335000000000000,4
1771335900000000000,4
1771336800000000000,4
1771337700000000000,4
1771338600000000000,4
1771339500000000000,4
1771340400000000000,4
1771341300000000000,4
1771342200000000000,4
1771343100000000000,4
1771344000000000000,4
1771344900000000000,4
1771345800000000000,4
1771346700000000000,4
1771347600000000000,4
1771348500000000000,4
1771349400000000000,4
1771350300000000000,4
1771351200000000000,4
1771352100000000000,4
1771353000000000000,4
1771353900000000000,4
1771354800000000000,4
1771355700000000000,4
1771356600000000000,4
1771357500000000000,4
1771358400000000000,4
1771359300000000000,4
1771360200000000000,4
1771361100000000000,4
1771362000000000000,4
1771362900000000000,4
1771363800000000000,4
1771364700000000000,4
1771366500000000000,4
1771367400000000000,4
1771368300000000000,4
1771369200000000000,4
1771370100000000000,4
1771371000000000000,4
1771371900000000000,4
1771372800000000000,4
1771373700000000000,4
1771374600000000000,4
1771375500000000000,4
1771376400000000000,4
1771377300000000000,4
1771378200000000000,4
1771379100000000000,4
1771380000000000000,4
1771380900000000000,4
1771381800000000000,4
1771382700000000000,4
1771383600000000000,4
1771384500000000000,4
1771385400000000000,4
1771386300000000000,4
1771387200000000000,4
1771388100000000000,4
1771389000000000000,4
1771389900000000000,4
1771390800000000000,4
1771391700000000000,4
1771392600000000000,4
1771393500000000000,4
1771394400000000000,4
1771395300000000000,4
1771396200000000000,4
1771397100000000000,4
1771398000000000000,4
1771398900000000000,4
1771399800000000000,4
1771400700000000000,4
1771401600000000000,4
1771402500000000000,4
1771403400000000000,4
1771404300000000000,4
1771405200000000000,4
1771406100000000000,4
1771407000000000000,4
1771407900000000000,4
1771408800000000000,4
1771409700000000000,4
1771410600000000000,4
1771411500000000000,4
1771412400000000000,4
1771413300000000000,4
1771414200000000000,4
1771415100000000000,4
1771416000000000000,4
1771416900000000000,4
1771417800000000000,4
1771418700000000000,4
1771419600000000000,4
1771420500000000000,4
1771421400000000000,4
1771422300000000000,4
1771423200000000000,4
1771424100000000000,4
1771425000000000000,4
1771425900000000000,4
1771426800000000000,4
1771427700000000000,4
1771428600000000000,4
1771429500000000000,4
1771430400000000000,4
1771431300000000000,4
1771432200000000000,4
1771433100000000000,4
1771434000000000000,4
1771434900000000000,4
1771435800000000000,4
1771436700000000000,4
1771437600000000000,4
1771438500000000000,4
1771439400000000000,4
1771440300000000000,4
1771441200000000000,4
1771442100000000000,4
1771443000000000000,4
1771443900000000000,4
1771444800000000000,4
1771445700000000000,4
1771446600000000000,4
1771447500000000000,4
1771448400000000000,4
1771449300000000000,4
1771450200000000000,4
1771451100000000000,4
1771452900000000000,4
1771453800000000000,4
1771454700000000000,4
1771455600000000000,4
1771456500000000000,4
1771457400000000000,4
1771458300000000000,4
1771459200000000000,6
1771460100000000000,6
1771461000000000000,6
1771461900000000000,6
1771462800000000000,6
1771463700000000000,6
1771464600000000000,6
1771465500000000000,6
1771466400000000000,6
1771467300000000000,6
1771468200000000000,6
1771469100000000000,6
1771470000000000000,6
1771470900000000000,6
1771471800000000000,6
1771472700000000000,6
1771473600000000000,6
1771474500000000000,6
1771475400000000000,6
1771476300000000000,6
1771477200000000000,4
1771478100000000000,4
1771479000000000000,4
1771479900000000000,4
1771480800000000000,4
1771481700000000000,4
1771482600000000000,4
1771483500000000000,4
1771484400000000000,4
1771485300000000000,4
1771486200000000000,4
1771487100000000000,4
1771488000000000000,4
1771488900000000000,4
1771489800000000000,4
1771490700000000000,4
1771491600000000000,4
1771492500000000000,4
1771493400000000000,4
1771494300000000000,4
1771495200000000000,4
1771496100000000000,4
1771497000000000000,4
1771497900000000000,4
1771498800000000000,4
1771499700000000000,4
1771500600000000000,4
1771501500000000000,4
1771502400000000000,4
1771503300000000000,4
1771504200000000000,4
1771505100000000000,4
1771506000000000000,4
1771506900000000000,4
1771507800000000000,4
1771508700000000000,4
1771509600000000000,4
1771510500000000000,4
1771511400000000000,4
1771512300000000000,4
1771513200000000000,4
1771514100000000000,4
1771515000000000000,4
1771515900000000000,4
1771516800000000000,4
1771517700000000000,4
1771518600000000000,4
1771519500000000000,4
1771520400000000000,4
1771521300000000000,4
1771522200000000000,4
1771523100000000000,4
1771524000000000000,4
1771524900000000000,4
1771525800000000000,4
1771526700000000000,4
1771527600000000000,4
1771528500000000000,4
1771529400000000000,4
1771530300000000000,4
1771531200000000000,4
1771532100000000000,4
1771533000000000000,4
1771533900000000000,4
1771534800000000000,4
1771535700000000000,4
1771536600000000000,4
1771537500000000000,4
1771539300000000000,4
1771540200000000000,4
1771541100000000000,4
1771542000000000000,4
1771542900000000000,4
1771543800000000000,4
1771544700000000000,4
1771545600000000000,6
1771546500000000000,6
1771547400000000000,6
1771548300000000000,6
1771549200000000000,6
1771550100000000000,6
1771551000000000000,6
1771551900000000000,6
1771552800000000000,6
1771553700000000000,6
1771554600000000000,6
1771555500000000000,6
1771556400000000000,6
1771557300000000000,6
1771558200000000000,6
1771559100000000000,6
1771560000000000000,6
1771560900000000000,6
1771561800000000000,6
1771562700000000000,6
1771563600000000000,6
1771564500000000000,1
