timestamp,open,close,high,low,adx,dmp,dmn
2026-02-19 04:00:00+00:00,1.17907,1.17864,1.17917,1.17854,,,
2026-02-19 04:30:00+00:00,1.17864,1.17895,1.17904,1.17849,,,
2026-02-19 05:00:00+00:00,1.17895,1.17901,1.17907,1.17867,,,
2026-02-19 05:30:00+00:00,1.17901,1.17917,1.17929,1.17898,,,
2026-02-19 06:00:00+00:00,1.17917,1.17986,1.1799,1.179,,,
2026-02-19 06:30:00+00:00,1.17986,1.17983,1.18009,1.17965,,,
2026-02-19 07:00:00+00:00,1.17983,1.17949,1.17983,1.17928,,,
2026-02-19 07:30:00+00:00,1.17949,1.18007,1.18036,1.17948,,,
2026-02-19 08:00:00+00:00,1.18007,1.17981,1.18044,1.17974,,,
2026-02-19 08:30:00+00:00,1.17981,1.18013,1.18052,1.17978,,,
2026-02-19 09:00:00+00:00,1.18013,1.18013,1.18077,1.18003,,,
2026-02-19 09:30:00+00:00,1.18013,1.18,1.18043,1.17986,,,
2026-02-19 10:00:00+00:00,1.18,1.17902,1.18032,1.17901,,,
2026-02-19 10:30:00+00:00,1.17902,1.17891,1.1795,1.17874,0.18002581792682368,,0.12494952597360573
2026-02-19 11:00:00+00:00,1.17891,1.17816,1.17904,1.17812,0.19097285545240297,,0.11318355218694066
2026-02-19 11:30:00+00:00,1.17816,1.17807,1.17823,1.17767,0.2072084364921483,0.19361712720948596,0.10660321070273034
2026-02-19 12:00:00+00:00,1.17807,1.17748,1.17807,1.1772,0.22749487911351707,0.20923386728296,0.09715308438082496
2026-02-19 12:30:00+00:00,1.17748,1.17695,1.17799,1.1767,0.25089740969060464,0.22905292309137645,0.0851059830720377
2026-02-19 13:00:00+00:00,1.17695,1.17605,1.17701,1.17522,0.2817142552894349,0.25460456720147595,0.07180125484063997
2026-02-19 13:30:00+00:00,1.17605,1.17655,1.17657,1.17515,0.3106556214754806,0.2807765155830426,0.0633415605203196
2026-02-19 14:00:00+00:00,1.17655,1.17487,1.17664,1.17421,0.3413744488101109,0.3115443520497729,0.05204162216539812
2026-02-19 14:30:00+00:00,1.17487,1.17518,1.17534,1.17447,0.3698990741922677,0.34027734783387414,0.048692384109654416
2026-02-19 15:00:00+00:00,1.17518,1.17651,1.17728,1.17483,0.36013942531040316,0.350756937060257,0.17005026268964968
2026-02-19 15:30:00+00:00,1.17651,1.1763,1.17755,1.17606,0.34738906499919364,0.3586440695957307,0.1711283354106294
2026-02-19 16:00:00+00:00,1.1763,1.1764,1.17692,1.17582,0.3378017620139368,0.3489705936621699,0.15892044277364215
2026-02-19 16:30:00+00:00,1.1764,1.17613,1.17708,1.17592,0.3265666393286268,0.33697785216391024,0.15734741283335996
2026-02-19 17:00:00+00:00,1.17613,1.17654,1.17661,1.17561,0.31924690502792347,0.32852433352093013,0.14711186287535757
2026-02-19 17:30:00+00:00,1.17654,1.17659,1.1768,1.17613,0.3094850006730525,0.3180258200008397,0.15323013257981954
2026-02-19 18:00:00+00:00,1.17659,1.17701,1.17718,1.17648,0.2946707148035001,0.3069588099157118,0.1719401977239253
2026-02-19 18:30:00+00:00,1.17701,1.17684,1.17742,1.17678,0.2774313469569205,0.2934581738149865,0.18110774831100468
2026-02-19 19:00:00+00:00,1.17684,1.17684,1.17718,1.17658,0.26400600066661556,0.27933835773505783,0.17321252169088683
2026-02-19 19:30:00+00:00,1.17684,1.17639,1.17694,1.1759,0.2595189762348177,0.2684751615958691,0.1601779414635872
2026-02-19 20:00:00+00:00,1.17639,1.17663,1.17683,1.17633,0.2553524535481482,0.25967922710738184,0.15417115438590462
2026-02-19 20:30:00+00:00,1.17663,1.17688,1.17689,1.17636,0.2504196874061014,0.2549693318204595,0.15248955048405224
2026-02-19 21:00:00+00:00,1.17688,1.17727,1.17742,1.1768,0.2368990343966527,0.24612574397240045,0.18702622746783448
2026-02-19 21:30:00+00:00,1.17727,1.17735,1.17783,1.17705,0.2217351312938184,0.23607740934995988,0.20817624037210564
2026-02-19 22:00:00+00:00,1.17705,1.1772,1.17726,1.17705,0.20765436412690078,0.22227669926177676,0.20292629994832126
2026-02-19 22:30:00+00:00,1.1772,1.17713,1.17739,1.17711,0.19658964009191596,0.2091623856928672,0.20938747503167296
2026-02-19 23:00:00+00:00,1.17713,1.17728,1.17761,1.1771,0.18969548541877299,0.1986749247728369,0.21965412695203423
2026-02-19 23:30:00+00:00,1.17728,1.17684,1.17728,1.17683,0.1784267998578309,0.18750821997487344,0.21040729677165018
2026-02-20 00:00:00+00:00,1.17684,1.17683,1.17712,1.17667,0.16620385076158478,0.17794966809017887,0.20128207759873903
2026-02-20 00:30:00+00:00,1.17683,1.17706,1.17722,1.17669,0.15560585604276256,0.16701632795029675,0.20062496059214546
2026-02-20 01:00:00+00:00,1.17706,1.1763,1.17718,1.17611,0.15302159809323088,0.15961272442740781,0.18019743575107994
2026-02-20 01:30:00+00:00,1.1763,1.17589,1.17633,1.17552,0.15871789325593824,0.1571618746493504,0.16638615677166402
2026-02-20 02:00:00+00:00,1.17589,1.17564,1.17599,1.17555,0.16400731019273798,0.15851445414298443,0.15924602490553333
2026-02-20 02:30:00+00:00,1.17564,1.17546,1.17575,1.17535,0.1715585056908247,0.1651381994733815,0.15282541018082832
2026-02-20 03:00:00+00:00,1.17546,1.17552,1.17589,1.17545,0.17539262246427234,0.16969996632850518,0.1603631932343809
2026-02-20 03:30:00+00:00,1.17552,1.17569,1.17587,1.17551,0.17895287375390226,0.1752556897223635,0.1541707902632389
2026-02-20 04:00:00+00:00,1.17569,1.17578,1.17599,1.17569,0.17931319339401164,0.177352907929142,0.16240451118362387
2026-02-20 04:30:00+00:00,1.17578,1.17533,1.17579,1.17526,0.1863479707253023,0.1826504222396023,0.15267544515636064
