timestamp,open,high,low,close,volume
2026-02-05T17:30:00-05:00,0.77802,0.77821,0.77797,0.778,0
2026-02-05T17:45:00-05:00,0.778,0.7781,0.77798,0.77806,0
2026-02-05T18:00:00-05:00,0.77806,0.77806,0.77792,0.77792,0
2026-02-05T18:15:00-05:00,0.77792,0.77822,0.77792,0.77822,0
2026-02-05T18:30:00-05:00,0.77822,0.77836,0.77807,0.77824,0
2026-02-05T18:45:00-05:00,0.77824,0.77836,0.77777,0.77778,0
2026-02-05T19:00:00-05:00,0.77778,0.77795,0.77758,0.7778,0
2026-02-05T19:15:00-05:00,0.7778,0.7778,0.77746,0.77775,0
2026-02-05T19:30:00-05:00,0.77775,0.77821,0.77767,0.77781,0
2026-02-05T19:45:00-05:00,0.77781,0.77787,0.77756,0.77768,0
2026-02-05T20:00:00-05:00,0.77768,0.77774,0.77725,0.77731,0
2026-02-05T20:15:00-05:00,0.77731,0.77766,0.77724,0.77729,0
2026-02-05T20:30:00-05:00,0.77729,0.7776,0.77724,0.77724,0
2026-02-05T20:45:00-05:00,0.77724,0.77749,0.77716,0.77734,0
2026-02-05T21:00:00-05:00,0.77734,0.77748,0.77706,0.7773,0
2026-02-05T21:15:00-05:00,0.7773,0.77738,0.77711,0.77721,0
2026-02-05T21:30:00-05:00,0.77721,0.77738,0.77701,0.77709,0
2026-02-05T21:45:00-05:00,0.77709,0.77725,0.77693,0.77723,0
2026-02-05T22:00:00-05:00,0.77723,0.77728,0.77707,0.7771,0
2026-02-05T22:15:00-05:00,0.7771,0.77717,0.77693,0.77702,0
2026-02-05T22:30:00-05:00,0.77702,0.77723,0.77699,0.77705,0
2026-02-05T22:45:00-05:00,0.77705,0.77728,0.77699,0.77709,0
2026-02-05T23:00:00-05:00,0.77709,0.77733,0.77704,0.77731,0
2026-02-05T23:15:00-05:00,0.77731,0.77731,0.77714,0.77714,0
2026-02-05T23:30:00-05:00,0.77714,0.7773,0.77707,0.77709,0
2026-02-05T23:45:00-05:00,0.77709,0.7771,0.77656,0.77656,0
2026-02-06T00:00:00-05:00,0.77656,0.77665,0.77648,0.77652,0
2026-02-06T00:15:00-05:00,0.77652,0.77663,0.77636,0.77645,0
2026-02-06T00:30:00-05:00,0.77645,0.77657,0.77633,0.77651,0
2026-02-06T00:45:00-05:00,0.77651,0.77676,0.77651,0.77668,0
2026-02-06T01:00:00-05:00,0.77668,0.77682,0.77645,0.77651,0
2026-02-06T01:15:00-05:00,0.77651,0.77682,0.77625,0.77656,0
2026-02-06T01:30:00-05:00,0.77656,0.77663,0.77629,0.77648,0
2026-02-06T01:45:00-05:00,0.77648,0.77654,0.77624,0.77624,0
2026-02-06T02:00:00-05:00,0.77624,0.7765,0.77614,0.77629,0
2026-02-06T02:15:00-05:00,0.77629,0.7767,0.77625,0.7767,0
2026-02-06T02:30:00-05:00,0.7767,0.77686,0.77655,0.77682,0
2026-02-06T02:45:00-05:00,0.77682,0.77721,0.7767,0.77716,0
2026-02-06T03:00:00-05:00,0.77716,0.77755,0.77716,0.7775,0
2026-02-06T03:15:00-05:00,0.7775,0.77773,0.77729,0.77744,0
2026-02-06T03:30:00-05:00,0.77744,0.77804,0.77726,0.77804,0
2026-02-06T03:45:00-05:00,0.77804,0.77845,0.77775,0.77843,0
2026-02-06T04:00:00-05:00,0.77843,0.77861,0.77819,0.77845,0
2026-02-06T04:15:00-05:00,0.77845,0.77848,0.77817,0.77836,0
2026-02-06T04:30:00-05:00,0.77836,0.77843,0.77802,0.77804,0
2026-02-06T04:45:00-05:00,0.77804,0.7784,0.77775,0.77825,0
2026-02-06T05:00:00-05:00,0.77825,0.77848,0.77794,0.77845,0
2026-02-06T05:15:00-05:00,0.77845,0.77848,0.77786,0.77791,0
2026-02-06T05:30:00-05:00,0.77791,0.77822,0.7778,0.77819,0
2026-02-06T05:45:00-05:00,0.77819,0.77824,0.77756,0.77772,0
2026-02-06T06:00:00-05:00,0.77772,0.7779,0.77772,0.77775,0
2026-02-06T06:15:00-05:00,0.77775,0.77841,0.77772,0.77804,0
2026-02-06T06:30:00-05:00,0.77804,0.77831,0.77763,0.77789,0
2026-02-06T06:45:00-05:00,0.77789,0.77822,0.77782,0.77806,0
2026-02-06T07:00:00-05:00,0.77806,0.77821,0.77778,0.77815,0
2026-02-06T07:15:00-05:00,0.77815,0.77817,0.77782,0.77804,0
2026-02-06T07:30:00-05:00,0.77804,0.77814,0.77796,0.77806,0
2026-02-06T07:45:00-05:00,0.77806,0.77829,0.77797,0.77823,0
2026-02-06T08:00:00-05:00,0.77823,0.77824,0.77755,0.7776,0
2026-02-06T08:15:00-05:00,0.7776,0.77804,0.77736,0.77792,0
2026-02-06T08:30:00-05:00,0.77792,0.77819,0.7775,0.77768,0
2026-02-06T08:45:00-05:00,0.77768,0.7777,0.77704,0.7774,0
2026-02-06T09:00:00-05:00,0.7774,0.77748,0.77694,0.77702,0
2026-02-06T09:15:00-05:00,0.77702,0.77704,0.77663,0.77692,0
2026-02-06T09:30:00-05:00,0.77692,0.77716,0.77665,0.77682,0
2026-02-06T09:45:00-05:00,0.77682,0.77687,0.77543,0.77562,0
2026-02-06T10:00:00-05:00,0.77562,0.7759,0.77509,0.77568,0
2026-02-06T10:15:00-05:00,0.77568,0.77633,0.77536,0.77616,0
2026-02-06T10:30:00-05:00,0.77616,0.77672,0.776,0.77667,0
2026-02-06T10:45:00-05:00,0.77667,0.77677,0.77595,0.77602,0
2026-02-06T11:00:00-05:00,0.77602,0.77619,0.77516,0.77521,0
2026-02-06T11:15:00-05:00,0.77521,0.77603,0.77513,0.77575,0
2026-02-06T11:30:00-05:00,0.77575,0.77609,0.77572,0.77582,0
2026-02-06T11:45:00-05:00,0.77582,0.77612,0.77539,0.77541,0
2026-02-06T12:00:00-05:00,0.77541,0.77599,0.77526,0.77587,0
2026-02-06T12:15:00-05:00,0.77587,0.77601,0.77556,0.77593,0
2026-02-06T12:30:00-05:00,0.77593,0.77606,0.77563,0.776,0
2026-02-06T12:45:00-05:00,0.776,0.77602,0.77532,0.77551,0
2026-02-06T13:00:00-05:00,0.77551,0.77565,0.77525,0.77542,0
2026-02-06T13:15:00-05:00,0.77542,0.77548,0.77521,0.77536,0
2026-02-06T13:30:00-05:00,0.77536,0.77563,0.7752,0.77548,0
2026-02-06T13:45:00-05:00,0.77548,0.77553,0.77516,0.77516,0
2026-02-06T14:00:00-05:00,0.77516,0.77548,0.7751,0.77541,0
2026-02-06T14:15:00-05:00,0.77541,0.77553,0.7753,0.7755,0
2026-02-06T14:30:00-05:00,0.7755,0.77572,0.77543,0.7757,0
2026-02-06T14:45:00-05:00,0.7757,0.77578,0.77538,0.77545,0
2026-02-06T15:00:00-05:00,0.77545,0.77555,0.77531,0.77538,0
2026-02-06T15:15:00-05:00,0.77538,0.77547,0.77521,0.77528,0
2026-02-06T15:30:00-05:00,0.77528,0.77533,0.77514,0.77522,0
2026-02-06T15:45:00-05:00,0.77522,0.77531,0.77515,0.77526,0
2026-02-06T16:00:00-05:00,0.77526,0.77549,0.77521,0.77536,0
2026-02-06T16:15:00-05:00,0.77536,0.77542,0.77524,0.77541,0
2026-02-06T16:30:00-05:00,0.77541,0.77562,0.77533,0.77545,0
2026-02-06T16:45:00-05:00,0.77545,0.77584,0.77536,0.77583,0
2026-02-06T17:00:00-05:00,0.77583,0.77609,0.77562,0.77589,0
2026-02-08T17:30:00-05:00,0.776,0.77673,0.77593,0.77673,0
2026-02-08T17:45:00-05:00,0.77673,0.77673,0.77633,0.77655,0
2026-02-08T18:00:00-05:00,0.77655,0.77667,0.7761,0.77638,0
2026-02-08T18:15:00-05:00,0.77638,0.77709,0.77524,0.77704,0
2026-02-08T18:30:00-05:00,0.77704,0.77717,0.7769,0.77691,0
2026-02-08T18:45:00-05:00,0.77691,0.777,0.77621,0.77631,0
2026-02-08T19:00:00-05:00,0.77631,0.77633,0.7757,0.77588,0
2026-02-08T19:15:00-05:00,0.77588,0.77597,0.77528,0.77551,0
2026-02-08T19:30:00-05:00,0.77551,0.77602,0.77536,0.77544,0
2026-02-08T19:45:00-05:00,0.77544,0.77585,0.77543,0.77567,0
2026-02-08T20:00:00-05:00,0.77567,0.77573,0.77541,0.77544,0
2026-02-08T20:15:00-05:00,0.77544,0.77544,0.77509,0.77524,0
2026-02-08T20:30:00-05:00,0.77524,0.77538,0.77492,0.77509,0
2026-02-08T20:45:00-05:00,0.77509,0.77534,0.77481,0.77506,0
2026-02-08T21:00:00-05:00,0.77506,0.77554,0.77506,0.77553,0
2026-02-08T21:15:00-05:00,0.77553,0.77651,0.77553,0.77622,0
2026-02-08T21:30:00-05:00,0.77622,0.77634,0.77601,0.77628,0
2026-02-08T21:45:00-05:00,0.77628,0.77632,0.77577,0.77619,0
2026-02-08T22:00:00-05:00,0.77619,0.77631,0.77599,0.77617,0
2026-02-08T22:15:00-05:00,0.77617,0.77619,0.77595,0.77599,0
2026-02-08T22:30:00-05:00,0.77599,0.77617,0.77565,0.77575,0
2026-02-08T22:45:00-05:00,0.77575,0.77585,0.77565,0.77572,0
2026-02-08T23:00:00-05:00,0.77572,0.776,0.77559,0.776,0
2026-02-08T23:15:00-05:00,0.776,0.77601,0.77577,0.77584,0
2026-02-08T23:30:00-05:00,0.77584,0.77585,0.77561,0.77572,0
2026-02-08T23:45:00-05:00,0.77572,0.7758,0.77564,0.7758,0
2026-02-09T00:00:00-05:00,0.7758,0.7758,0.77553,0.77555,0
2026-02-09T00:15:00-05:00,0.77555,0.7756,0.77523,0.77524,0
2026-02-09T00:30:00-05:00,0.77524,0.77526,0.77509,0.77509,0
2026-02-09T00:45:00-05:00,0.77509,0.7751,0.77474,0.77475,0
2026-02-09T01:00:00-05:00,0.77475,0.77502,0.77472,0.77492,0
2026-02-09T01:15:00-05:00,0.77492,0.77499,0.77346,0.77424,0
2026-02-09T01:30:00-05:00,0.77424,0.7745,0.7739,0.77392,0
2026-02-09T01:45:00-05:00,0.77392,0.77401,0.77317,0.77321,0
2026-02-09T02:00:00-05:00,0.77321,0.77341,0.77304,0.77336,0
2026-02-09T02:15:00-05:00,0.77336,0.7736,0.77295,0.77314,0
2026-02-09T02:30:00-05:00,0.77314,0.77333,0.77275,0.77301,0
2026-02-09T02:45:00-05:00,0.77301,0.77313,0.77246,0.7726,0
2026-02-09T03:00:00-05:00,0.7726,0.7736,0.77258,0.77302,0
2026-02-09T03:15:00-05:00,0.77302,0.77322,0.77265,0.77311,0
2026-02-09T03:30:00-05:00,0.77311,0.77336,0.77265,0.77336,0
2026-02-09T03:45:00-05:00,0.77336,0.77336,0.77268,0.77284,0
2026-02-09T04:00:00-05:00,0.77284,0.77294,0.77229,0.77239,0
2026-02-09T04:15:00-05:00,0.77239,0.77246,0.77185,0.77212,0
2026-02-09T04:30:00-05:00,0.77212,0.77222,0.77182,0.77184,0
2026-02-09T04:45:00-05:00,0.77184,0.77224,0.77167,0.77189,0
2026-02-09T05:00:00-05:00,0.77189,0.77266,0.77185,0.77247,0
2026-02-09T05:15:00-05:00,0.77247,0.7726,0.77204,0.77236,0
2026-02-09T05:30:00-05:00,0.77236,0.77246,0.77206,0.77241,0
2026-02-09T05:45:00-05:00,0.77241,0.7729,0.77239,0.77269,0
2026-02-09T06:00:00-05:00,0.77269,0.7727,0.77209,0.77245,0
2026-02-09T06:15:00-05:00,0.77245,0.77273,0.77187,0.77194,0
2026-02-09T06:30:00-05:00,0.77194,0.77204,0.77167,0.7717,0
2026-02-09T06:45:00-05:00,0.7717,0.77184,0.77148,0.77155,0
2026-02-09T07:00:00-05:00,0.77155,0.77182,0.77138,0.77143,0
2026-02-09T07:15:00-05:00,0.77143,0.77143,0.77077,0.77082,0
2026-02-09T07:30:00-05:00,0.77082,0.77095,0.77057,0.77087,0
2026-02-09T07:45:00-05:00,0.77087,0.77095,0.77055,0.77056,0
2026-02-09T08:00:00-05:00,0.77056,0.77075,0.77004,0.77016,0
2026-02-09T08:15:00-05:00,0.77016,0.77031,0.76933,0.76951,0
2026-02-09T08:30:00-05:00,0.76951,0.76987,0.76872,0.76926,0
2026-02-09T08:45:00-05:00,0.76926,0.76962,0.76862,0.76962,0
2026-02-09T09:00:00-05:00,0.76962,0.7698,0.76877,0.76887,0
2026-02-09T09:15:00-05:00,0.76887,0.7689,0.76748,0.76766,0
2026-02-09T09:30:00-05:00,0.76766,0.76787,0.76719,0.76758,0
2026-02-09T09:45:00-05:00,0.76758,0.76862,0.76746,0.76812,0
2026-02-09T10:00:00-05:00,0.76812,0.7685,0.76738,0.76743,0
2026-02-09T10:15:00-05:00,0.76743,0.76751,0.76677,0.76729,0
2026-02-09T10:30:00-05:00,0.76729,0.76772,0.76706,0.76735,0
2026-02-09T10:45:00-05:00,0.76735,0.76738,0.76672,0.76716,0
2026-02-09T11:00:00-05:00,0.76716,0.76722,0.76616,0.76646,0
2026-02-09T11:15:00-05:00,0.76646,0.76698,0.76606,0.76677,0
2026-02-09T11:30:00-05:00,0.76677,0.76796,0.76672,0.76794,0
2026-02-09T11:45:00-05:00,0.76794,0.76841,0.76761,0.76794,0
2026-02-09T12:00:00-05:00,0.76794,0.76835,0.76782,0.76798,0
2026-02-09T12:15:00-05:00,0.76798,0.76798,0.76749,0.76756,0
2026-02-09T12:30:00-05:00,0.76756,0.76782,0.76741,0.76781,0
2026-02-09T12:45:00-05:00,0.76781,0.76811,0.76755,0.76757,0
2026-02-09T13:00:00-05:00,0.76757,0.7676,0.76731,0.76746,0
2026-02-09T13:15:00-05:00,0.76746,0.76748,0.76692,0.76709,0
2026-02-09T13:30:00-05:00,0.76709,0.76743,0.76677,0.76682,0
2026-02-09T13:45:00-05:00,0.76682,0.76706,0.76671,0.76701,0
2026-02-09T14:00:00-05:00,0.76701,0.76706,0.76653,0.76655,0
2026-02-09T14:15:00-05:00,0.76655,0.76696,0.76655,0.7666,0
2026-02-09T14:30:00-05:00,0.7666,0.76672,0.76643,0.76648,0
2026-02-09T14:45:00-05:00,0.76648,0.7665,0.7658,0.76602,0
2026-02-09T15:00:00-05:00,0.76602,0.76616,0.76582,0.766,0
2026-02-09T15:15:00-05:00,0.766,0.76606,0.76589,0.76601,0
2026-02-09T15:30:00-05:00,0.76601,0.76628,0.76594,0.76621,0
2026-02-09T15:45:00-05:00,0.76621,0.76626,0.76606,0.76609,0
2026-02-09T16:00:00-05:00,0.76609,0.76661,0.76609,0.76648,0
2026-02-09T16:15:00-05:00,0.76648,0.76672,0.76641,0.76646,0
2026-02-09T16:30:00-05:00,0.76646,0.76658,0.76638,0.76638,0
2026-02-09T16:45:00-05:00,0.76638,0.76651,0.76624,0.76632,0
2026-02-09T17:00:00-05:00,0.76632,0.7665,0.76614,0.7665,0
2026-02-09T17:30:00-05:00,0.76685,0.76688,0.76657,0.76675,0
2026-02-09T17:45:00-05:00,0.76675,0.76707,0.76668,0.76685,0
2026-02-09T18:00:00-05:00,0.76685,0.76707,0.76666,0.7669,0
2026-02-09T18:15:00-05:00,0.7669,0.76711,0.76653,0.76677,0
2026-02-09T18:30:00-05:00,0.76677,0.76709,0.76667,0.76706,0
2026-02-09T18:45:00-05:00,0.76706,0.76716,0.76696,0.76701,0
2026-02-09T19:00:00-05:00,0.76701,0.76729,0.76699,0.76706,0
2026-02-09T19:15:00-05:00,0.76706,0.76747,0.76704,0.7674,0
2026-02-09T19:30:00-05:00,0.7674,0.76741,0.76712,0.76726,0
2026-02-09T19:45:00-05:00,0.76726,0.76767,0.76726,0.7676,0
2026-02-09T20:00:00-05:00,0.7676,0.76771,0.76738,0.76745,0
2026-02-09T20:15:00-05:00,0.76745,0.7675,0.76727,0.76738,0
2026-02-09T20:30:00-05:00,0.76738,0.76773,0.76724,0.76765,0
2026-02-09T20:45:00-05:00,0.76765,0.76765,0.76677,0.76697,0
2026-02-09T21:00:00-05:00,0.76697,0.76706,0.76672,0.76694,0
2026-02-09T21:15:00-05:00,0.76694,0.76694,0.7667,0.76677,0
2026-02-09T21:30:00-05:00,0.76677,0.76692,0.76668,0.76668,0
2026-02-09T21:45:00-05:00,0.76668,0.7668,0.7666,0.76665,0
2026-02-09T22:00:00-05:00,0.76665,0.76667,0.76621,0.76622,0
2026-02-09T22:15:00-05:00,0.76622,0.76633,0.76597,0.76612,0
2026-02-09T22:30:00-05:00,0.76612,0.76628,0.76601,0.76624,0
2026-02-09T22:45:00-05:00,0.76624,0.76624,0.76575,0.76576,0
2026-02-09T23:00:00-05:00,0.76576,0.76641,0.76572,0.76636,0
2026-02-09T23:15:00-05:00,0.76636,0.76663,0.76626,0.76663,0
2026-02-09T23:30:00-05:00,0.76663,0.76696,0.76658,0.76694,0
2026-02-09T23:45:00-05:00,0.76694,0.76706,0.76675,0.76679,0
2026-02-10T00:00:00-05:00,0.76679,0.76702,0.76677,0.76702,0
2026-02-10T00:15:00-05:00,0.76702,0.76719,0.76697,0.76711,0
2026-02-10T00:30:00-05:00,0.76711,0.76716,0.76689,0.7671,0
2026-02-10T00:45:00-05:00,0.7671,0.76749,0.76702,0.76741,0
2026-02-10T01:00:00-05:00,0.76741,0.76747,0.76718,0.76721,0
2026-02-10T01:15:00-05:00,0.76721,0.7674,0.76688,0.76722,0
2026-02-10T01:30:00-05:00,0.76722,0.76756,0.76708,0.76722,0
2026-02-10T01:45:00-05:00,0.76722,0.76738,0.76699,0.76726,0
2026-02-10T02:00:00-05:00,0.76726,0.76751,0.76724,0.76748,0
2026-02-10T02:15:00-05:00,0.76748,0.7675,0.76689,0.76716,0
2026-02-10T02:30:00-05:00,0.76716,0.7675,0.76681,0.76745,0
2026-02-10T02:45:00-05:00,0.76745,0.76762,0.76733,0.76746,0
2026-02-10T03:00:00-05:00,0.76746,0.7675,0.76677,0.76678,0
2026-02-10T03:15:00-05:00,0.76678,0.76739,0.76673,0.76738,0
2026-02-10T03:30:00-05:00,0.76738,0.76755,0.76684,0.76706,0
2026-02-10T03:45:00-05:00,0.76706,0.76718,0.76642,0.76667,0
2026-02-10T04:00:00-05:00,0.76667,0.76689,0.76641,0.76648,0
2026-02-10T04:15:00-05:00,0.76648,0.76653,0.76579,0.76591,0
2026-02-10T04:30:00-05:00,0.76591,0.76606,0.76532,0.76551,0
2026-02-10T04:45:00-05:00,0.76551,0.76572,0.76534,0.76555,0
2026-02-10T05:00:00-05:00,0.76555,0.76574,0.76538,0.76563,0
2026-02-10T05:15:00-05:00,0.76563,0.76577,0.76531,0.76555,0
2026-02-10T05:30:00-05:00,0.76555,0.76617,0.76542,0.76604,0
2026-02-10T05:45:00-05:00,0.76604,0.76626,0.7657,0.76584,0
2026-02-10T06:00:00-05:00,0.76584,0.76626,0.7658,0.76594,0
2026-02-10T06:15:00-05:00,0.76594,0.76623,0.76592,0.76616,0
2026-02-10T06:30:00-05:00,0.76616,0.76658,0.76606,0.76645,0
2026-02-10T06:45:00-05:00,0.76645,0.76672,0.76631,0.76662,0
2026-02-10T07:00:00-05:00,0.76662,0.76675,0.76653,0.76655,0
2026-02-10T07:15:00-05:00,0.76655,0.76663,0.76631,0.76633,0
2026-02-10T07:30:00-05:00,0.76633,0.76634,0.76592,0.76624,0
2026-02-10T07:45:00-05:00,0.76624,0.76641,0.76594,0.76624,0
2026-02-10T08:00:00-05:00,0.76624,0.76689,0.76622,0.76662,0
2026-02-10T08:15:00-05:00,0.76662,0.76732,0.76658,0.76696,0
2026-02-10T08:30:00-05:00,0.76696,0.76731,0.76671,0.76706,0
2026-02-10T08:45:00-05:00,0.76706,0.76707,0.76511,0.76577,0
2026-02-10T09:00:00-05:00,0.76577,0.76595,0.76521,0.76523,0
2026-02-10T09:15:00-05:00,0.76523,0.76523,0.76431,0.76436,0
2026-02-10T09:30:00-05:00,0.76436,0.76436,0.76345,0.76353,0
2026-02-10T09:45:00-05:00,0.76353,0.7637,0.76293,0.76362,0
2026-02-10T10:00:00-05:00,0.76362,0.76385,0.76333,0.76352,0
2026-02-10T10:15:00-05:00,0.76352,0.76494,0.76346,0.76485,0
2026-02-10T10:30:00-05:00,0.76485,0.76548,0.76453,0.7653,0
2026-02-10T10:45:00-05:00,0.7653,0.76599,0.7653,0.76551,0
2026-02-10T11:00:00-05:00,0.76551,0.76568,0.76449,0.76511,0
2026-02-10T11:15:00-05:00,0.76511,0.76631,0.76499,0.76611,0
2026-02-10T11:30:00-05:00,0.76611,0.7665,0.76601,0.76616,0
2026-02-10T11:45:00-05:00,0.76616,0.76642,0.76582,0.76594,0
2026-02-10T12:00:00-05:00,0.76594,0.76687,0.76592,0.76674,0
2026-02-10T12:15:00-05:00,0.76674,0.76687,0.76649,0.76649,0
2026-02-10T12:30:00-05:00,0.76649,0.76681,0.76645,0.76657,0
2026-02-10T12:45:00-05:00,0.76657,0.76758,0.76655,0.76751,0
2026-02-10T13:00:00-05:00,0.76751,0.76794,0.76751,0.76763,0
2026-02-10T13:15:00-05:00,0.76763,0.76775,0.7675,0.76772,0
2026-02-10T13:30:00-05:00,0.76772,0.76824,0.7676,0.76819,0
2026-02-10T13:45:00-05:00,0.76819,0.76831,0.76808,0.76826,0
2026-02-10T14:00:00-05:00,0.76826,0.76845,0.76818,0.76841,0
2026-02-10T14:15:00-05:00,0.76841,0.76881,0.76834,0.7686,0
2026-02-10T14:30:00-05:00,0.7686,0.76868,0.76824,0.76828,0
2026-02-10T14:45:00-05:00,0.76828,0.76831,0.76794,0.76794,0
2026-02-10T15:00:00-05:00,0.76794,0.76811,0.76739,0.7674,0
2026-02-10T15:15:00-05:00,0.7674,0.76775,0.7674,0.76758,0
2026-02-10T15:30:00-05:00,0.76758,0.76762,0.76734,0.7675,0
2026-02-10T15:45:00-05:00,0.7675,0.76751,0.76734,0.76741,0
2026-02-10T16:00:00-05:00,0.76741,0.76799,0.76741,0.76799,0
2026-02-10T16:15:00-05:00,0.76799,0.76814,0.76788,0.76799,0
2026-02-10T16:30:00-05:00,0.76799,0.768,0.76789,0.76791,0
2026-02-10T16:45:00-05:00,0.76791,0.76796,0.76777,0.7679,0
2026-02-10T17:00:00-05:00,0.7679,0.76819,0.76776,0.76785,0
2026-02-10T17:30:00-05:00,0.76755,0.76823,0.76722,0.76814,0
2026-02-10T17:45:00-05:00,0.76814,0.76819,0.7676,0.76794,0
2026-02-10T18:00:00-05:00,0.76794,0.76818,0.76784,0.76808,0
2026-02-10T18:15:00-05:00,0.76808,0.7686,0.76799,0.76853,0
2026-02-10T18:30:00-05:00,0.76853,0.76853,0.76836,0.76851,0
2026-02-10T18:45:00-05:00,0.76851,0.76873,0.7684,0.76867,0
2026-02-10T19:00:00-05:00,0.76867,0.76885,0.7686,0.76865,0
2026-02-10T19:15:00-05:00,0.76865,0.76878,0.76838,0.76855,0
2026-02-10T19:30:00-05:00,0.76855,0.76857,0.76802,0.76806,0
2026-02-10T19:45:00-05:00,0.76806,0.76811,0.76783,0.7679,0
2026-02-10T20:00:00-05:00,0.7679,0.76804,0.76767,0.76797,0
2026-02-10T20:15:00-05:00,0.76797,0.76799,0.76758,0.76764,0
2026-02-10T20:30:00-05:00,0.76764,0.7678,0.7675,0.76763,0
2026-02-10T20:45:00-05:00,0.76763,0.76816,0.76761,0.76809,0
2026-02-10T21:00:00-05:00,0.76809,0.76816,0.76792,0.768,0
2026-02-10T21:15:00-05:00,0.768,0.768,0.76738,0.7676,0
2026-02-10T21:30:00-05:00,0.7676,0.7677,0.76709,0.76716,0
2026-02-10T21:45:00-05:00,0.76716,0.76726,0.76668,0.76694,0
2026-02-10T22:00:00-05:00,0.76694,0.76696,0.76667,0.76682,0
2026-02-10T22:15:00-05:00,0.76682,0.76699,0.76679,0.76696,0
2026-02-10T22:30:00-05:00,0.76696,0.76702,0.76656,0.76662,0
2026-02-10T22:45:00-05:00,0.76662,0.76677,0.7664,0.76641,0
2026-02-10T23:00:00-05:00,0.76641,0.76645,0.76616,0.7664,0
2026-02-10T23:15:00-05:00,0.7664,0.76653,0.76624,0.76628,0
2026-02-10T23:30:00-05:00,0.76628,0.76628,0.76585,0.76591,0
2026-02-10T23:45:00-05:00,0.76591,0.76647,0.7659,0.76643,0
2026-02-11T00:00:00-05:00,0.76643,0.76643,0.76611,0.76628,0
2026-02-11T00:15:00-05:00,0.76628,0.76653,0.76607,0.76614,0
2026-02-11T00:30:00-05:00,0.76614,0.76623,0.76582,0.76583,0
2026-02-11T00:45:00-05:00,0.76583,0.76606,0.76552,0.7656,0
2026-02-11T01:00:00-05:00,0.7656,0.76585,0.76546,0.76551,0
2026-02-11T01:15:00-05:00,0.76551,0.76567,0.76484,0.76526,0
2026-02-11T01:30:00-05:00,0.76526,0.76565,0.76498,0.76559,0
2026-02-11T01:45:00-05:00,0.76559,0.76588,0.76545,0.76565,0
2026-02-11T02:00:00-05:00,0.76565,0.76579,0.76553,0.76578,0
2026-02-11T02:15:00-05:00,0.76578,0.76614,0.76549,0.76597,0
2026-02-11T02:30:00-05:00,0.76597,0.76604,0.76579,0.76602,0
2026-02-11T02:45:00-05:00,0.76602,0.76619,0.76585,0.76587,0
2026-02-11T03:00:00-05:00,0.76587,0.76625,0.7657,0.76576,0
2026-02-11T03:15:00-05:00,0.76576,0.76576,0.76519,0.76537,0
2026-02-11T03:30:00-05:00,0.76537,0.76603,0.76521,0.76599,0
2026-02-11T03:45:00-05:00,0.76599,0.76635,0.76565,0.76628,0
2026-02-11T04:00:00-05:00,0.76628,0.7664,0.76611,0.76616,0
2026-02-11T04:15:00-05:00,0.76616,0.767,0.76591,0.76678,0
2026-02-11T04:30:00-05:00,0.76678,0.76694,0.76662,0.76663,0
2026-02-11T04:45:00-05:00,0.76663,0.76663,0.76586,0.76587,0
2026-02-11T05:00:00-05:00,0.76587,0.76592,0.76553,0.76575,0
2026-02-11T05:15:00-05:00,0.76575,0.7659,0.76548,0.76575,0
2026-02-11T05:30:00-05:00,0.76575,0.76618,0.76575,0.76588,0
2026-02-11T05:45:00-05:00,0.76588,0.76611,0.76562,0.76563,0
2026-02-11T06:00:00-05:00,0.76563,0.76593,0.76545,0.76593,0
2026-02-11T06:15:00-05:00,0.76593,0.76641,0.76593,0.76623,0
2026-02-11T06:30:00-05:00,0.76623,0.76623,0.7658,0.76592,0
2026-02-11T06:45:00-05:00,0.76592,0.76647,0.76589,0.76629,0
2026-02-11T07:00:00-05:00,0.76629,0.76632,0.7656,0.76621,0
2026-02-11T07:15:00-05:00,0.76621,0.76712,0.76616,0.76692,0
2026-02-11T07:30:00-05:00,0.76692,0.76751,0.76685,0.7675,0
2026-02-11T07:45:00-05:00,0.7675,0.76784,0.7673,0.76733,0
2026-02-11T08:00:00-05:00,0.76733,0.76792,0.7673,0.76782,0
2026-02-11T08:15:00-05:00,0.76782,0.76789,0.76741,0.76764,0
2026-02-11T08:30:00-05:00,0.76764,0.76782,0.76727,0.76741,0
2026-02-11T08:45:00-05:00,0.76741,0.77302,0.76739,0.77018,0
2026-02-11T09:00:00-05:00,0.77018,0.77077,0.76887,0.77076,0
2026-02-11T09:15:00-05:00,0.77076,0.77124,0.76947,0.77016,0
2026-02-11T09:30:00-05:00,0.77016,0.77154,0.76916,0.77126,0
2026-02-11T09:45:00-05:00,0.77126,0.77271,0.7712,0.77216,0
2026-02-11T10:00:00-05:00,0.77216,0.77268,0.77141,0.77179,0
2026-02-11T10:15:00-05:00,0.77179,0.77299,0.77124,0.77275,0
2026-02-11T10:30:00-05:00,0.77275,0.77302,0.7719,0.77243,0
2026-02-11T10:45:00-05:00,0.77243,0.77292,0.77226,0.77282,0
2026-02-11T11:00:00-05:00,0.77282,0.77304,0.7718,0.7725,0
2026-02-11T11:15:00-05:00,0.7725,0.7729,0.77231,0.77241,0
2026-02-11T11:30:00-05:00,0.77241,0.77258,0.77136,0.77138,0
2026-02-11T11:45:00-05:00,0.77138,0.77141,0.77043,0.77068,0
2026-02-11T12:00:00-05:00,0.77068,0.77087,0.76994,0.77006,0
2026-02-11T12:15:00-05:00,0.77006,0.77067,0.76981,0.76987,0
2026-02-11T12:30:00-05:00,0.76987,0.77019,0.76967,0.76982,0
2026-02-11T12:45:00-05:00,0.76982,0.77021,0.76966,0.77019,0
2026-02-11T13:00:00-05:00,0.77019,0.77037,0.76999,0.77009,0
2026-02-11T13:15:00-05:00,0.77009,0.77038,0.76967,0.77021,0
2026-02-11T13:30:00-05:00,0.77021,0.77029,0.76977,0.77021,0
2026-02-11T13:45:00-05:00,0.77021,0.77021,0.76977,0.76989,0
2026-02-11T14:00:00-05:00,0.76989,0.77041,0.76986,0.77041,0
2026-02-11T14:15:00-05:00,0.77041,0.77072,0.77018,0.77038,0
2026-02-11T14:30:00-05:00,0.77038,0.7704,0.76999,0.77031,0
2026-02-11T14:45:00-05:00,0.77031,0.77048,0.77019,0.77038,0
2026-02-11T15:00:00-05:00,0.77038,0.77063,0.77018,0.77054,0
2026-02-11T15:15:00-05:00,0.77054,0.77108,0.77046,0.77093,0
2026-02-11T15:30:00-05:00,0.77093,0.77112,0.77082,0.77102,0
2026-02-11T15:45:00-05:00,0.77102,0.77132,0.77092,0.77131,0
2026-02-11T16:00:00-05:00,0.77131,0.7715,0.77102,0.77147,0
2026-02-11T16:15:00-05:00,0.77147,0.77165,0.77129,0.77148,0
2026-02-11T16:30:00-05:00,0.77148,0.77162,0.77127,0.7716,0
2026-02-11T16:45:00-05:00,0.7716,0.77187,0.77158,0.77182,0
2026-02-11T17:00:00-05:00,0.77182,0.77192,0.77164,0.77192,0
2026-02-11T17:30:00-05:00,0.77143,0.77167,0.77124,0.77161,0
2026-02-11T17:45:00-05:00,0.77161,0.77181,0.77136,0.77142,0
2026-02-11T18:00:00-05:00,0.77142,0.7716,0.77129,0.77141,0
2026-02-11T18:15:00-05:00,0.77141,0.7715,0.77114,0.77138,0
2026-02-11T18:30:00-05:00,0.77138,0.77142,0.77107,0.77111,0
2026-02-11T18:45:00-05:00,0.77111,0.77122,0.771,0.77118,0
2026-02-11T19:00:00-05:00,0.77118,0.77135,0.77117,0.77124,0
2026-02-11T19:15:00-05:00,0.77124,0.77158,0.77101,0.7714,0
2026-02-11T19:30:00-05:00,0.7714,0.77142,0.77062,0.7707,0
2026-02-11T19:45:00-05:00,0.7707,0.77089,0.77062,0.7707,0
2026-02-11T20:00:00-05:00,0.7707,0.77077,0.77038,0.77049,0
2026-02-11T20:15:00-05:00,0.77049,0.77076,0.77022,0.77023,0
2026-02-11T20:30:00-05:00,0.77023,0.77087,0.77023,0.7708,0
2026-02-11T20:45:00-05:00,0.7708,0.77099,0.77038,0.77055,0
2026-02-11T21:00:00-05:00,0.77055,0.77077,0.77027,0.77036,0
2026-02-11T21:15:00-05:00,0.77036,0.7704,0.77004,0.77007,0
2026-02-11T21:30:00-05:00,0.77007,0.7705,0.77001,0.77049,0
2026-02-11T21:45:00-05:00,0.77049,0.77058,0.77016,0.77024,0
2026-02-11T22:00:00-05:00,0.77024,0.77062,0.77024,0.77038,0
2026-02-11T22:15:00-05:00,0.77038,0.77049,0.77014,0.77044,0
2026-02-11T22:30:00-05:00,0.77044,0.7705,0.77023,0.77041,0
2026-02-11T22:45:00-05:00,0.77041,0.77075,0.77028,0.77059,0
2026-02-11T23:00:00-05:00,0.77059,0.77108,0.77053,0.7708,0
2026-02-11T23:15:00-05:00,0.7708,0.77103,0.77057,0.77102,0
2026-02-11T23:30:00-05:00,0.77102,0.77136,0.77095,0.77119,0
2026-02-11T23:45:00-05:00,0.77119,0.77144,0.77099,0.77137,0
2026-02-12T00:00:00-05:00,0.77137,0.7716,0.77136,0.77145,0
2026-02-12T00:15:00-05:00,0.77145,0.77169,0.77138,0.77148,0
2026-02-12T00:30:00-05:00,0.77148,0.77185,0.77146,0.77182,0
2026-02-12T00:45:00-05:00,0.77182,0.77182,0.77149,0.77151,0
2026-02-12T01:00:00-05:00,0.77151,0.7716,0.77131,0.77142,0
2026-02-12T01:15:00-05:00,0.77142,0.77152,0.77118,0.77126,0
2026-02-12T01:30:00-05:00,0.77126,0.77207,0.77121,0.77202,0
2026-02-12T01:45:00-05:00,0.77202,0.77253,0.77158,0.77177,0
2026-02-12T02:00:00-05:00,0.77177,0.77228,0.7717,0.77226,0
2026-02-12T02:15:00-05:00,0.77226,0.7723,0.77177,0.77209,0
2026-02-12T02:30:00-05:00,0.77209,0.77211,0.7708,0.77087,0
2026-02-12T02:45:00-05:00,0.77087,0.77133,0.7708,0.77129,0
2026-02-12T03:00:00-05:00,0.77129,0.77136,0.77082,0.77096,0
2026-02-12T03:15:00-05:00,0.77096,0.77123,0.7707,0.77075,0
2026-02-12T03:30:00-05:00,0.77075,0.77092,0.77031,0.77047,0
2026-02-12T03:45:00-05:00,0.77047,0.77067,0.77021,0.77067,0
2026-02-12T04:00:00-05:00,0.77067,0.77072,0.76972,0.7698,0
2026-02-12T04:15:00-05:00,0.7698,0.76982,0.76931,0.76933,0
2026-02-12T04:30:00-05:00,0.76933,0.76951,0.76905,0.76921,0
2026-02-12T04:45:00-05:00,0.76921,0.76921,0.76843,0.76848,0
2026-02-12T05:00:00-05:00,0.76848,0.76851,0.76801,0.76804,0
2026-02-12T05:15:00-05:00,0.76804,0.7688,0.76802,0.76851,0
2026-02-12T05:30:00-05:00,0.76851,0.76865,0.76783,0.76785,0
2026-02-12T05:45:00-05:00,0.76785,0.76819,0.76758,0.76816,0
2026-02-12T06:00:00-05:00,0.76816,0.7685,0.76809,0.76816,0
2026-02-12T06:15:00-05:00,0.76816,0.76821,0.7679,0.76801,0
2026-02-12T06:30:00-05:00,0.76801,0.76801,0.76751,0.76782,0
2026-02-12T06:45:00-05:00,0.76782,0.76797,0.76763,0.7678,0
2026-02-12T07:00:00-05:00,0.7678,0.76787,0.76691,0.76692,0
2026-02-12T07:15:00-05:00,0.76692,0.76726,0.7667,0.76712,0
2026-02-12T07:30:00-05:00,0.76712,0.76777,0.76708,0.76777,0
2026-02-12T07:45:00-05:00,0.76777,0.76943,0.76765,0.76943,0
2026-02-12T08:00:00-05:00,0.76943,0.77006,0.76903,0.76958,0
2026-02-12T08:15:00-05:00,0.76958,0.76998,0.76936,0.76992,0
2026-02-12T08:30:00-05:00,0.76992,0.77006,0.76977,0.76987,0
2026-02-12T08:45:00-05:00,0.76987,0.77026,0.76924,0.76944,0
2026-02-12T09:00:00-05:00,0.76944,0.7695,0.76866,0.76875,0
2026-02-12T09:15:00-05:00,0.76875,0.76931,0.7685,0.76914,0
2026-02-12T09:30:00-05:00,0.76914,0.76973,0.76874,0.76945,0
2026-02-12T09:45:00-05:00,0.76945,0.76946,0.76838,0.76861,0
2026-02-12T10:00:00-05:00,0.76861,0.76921,0.76805,0.76855,0
2026-02-12T10:15:00-05:00,0.76855,0.76858,0.76787,0.76815,0
2026-02-12T10:30:00-05:00,0.76815,0.76824,0.7675,0.76792,0
2026-02-12T10:45:00-05:00,0.76792,0.76831,0.76763,0.76792,0
2026-02-12T11:00:00-05:00,0.76792,0.76806,0.76731,0.76773,0
2026-02-12T11:15:00-05:00,0.76773,0.76912,0.76721,0.76906,0
2026-02-12T11:30:00-05:00,0.76906,0.76938,0.76871,0.76906,0
2026-02-12T11:45:00-05:00,0.76906,0.76956,0.76881,0.76906,0
2026-02-12T12:00:00-05:00,0.76906,0.76982,0.76898,0.76933,0
2026-02-12T12:15:00-05:00,0.76933,0.76999,0.76919,0.76968,0
2026-02-12T12:30:00-05:00,0.76968,0.7697,0.76887,0.76957,0
2026-02-12T12:45:00-05:00,0.76957,0.76993,0.76938,0.76993,0
2026-02-12T13:00:00-05:00,0.76993,0.77012,0.7696,0.7698,0
2026-02-12T13:15:00-05:00,0.7698,0.77006,0.76938,0.77002,0
2026-02-12T13:30:00-05:00,0.77002,0.77016,0.76966,0.76997,0
2026-02-12T13:45:00-05:00,0.76997,0.77012,0.76968,0.7698,0
2026-02-12T14:00:00-05:00,0.7698,0.77021,0.76955,0.76993,0
2026-02-12T14:15:00-05:00,0.76993,0.77021,0.76977,0.7699,0
2026-02-12T14:30:00-05:00,0.7699,0.76999,0.7695,0.76979,0
2026-02-12T14:45:00-05:00,0.76979,0.77012,0.7696,0.77002,0
2026-02-12T15:00:00-05:00,0.77002,0.77011,0.76946,0.76957,0
2026-02-12T15:15:00-05:00,0.76957,0.76982,0.7695,0.76965,0
2026-02-12T15:30:00-05:00,0.76965,0.76965,0.76948,0.76958,0
2026-02-12T15:45:00-05:00,0.76958,0.76981,0.76924,0.76928,0
2026-02-12T16:00:00-05:00,0.76928,0.76946,0.76921,0.76943,0
2026-02-12T16:15:00-05:00,0.76943,0.76945,0.76907,0.76918,0
2026-02-12T16:30:00-05:00,0.76918,0.76931,0.7691,0.76927,0
2026-02-12T16:45:00-05:00,0.76927,0.7695,0.76921,0.76948,0
2026-02-12T17:00:00-05:00,0.76948,0.76948,0.76928,0.76928,0
2026-02-12T17:30:00-05:00,0.76948,0.7696,0.76872,0.76955,0
2026-02-12T17:45:00-05:00,0.76955,0.7696,0.7694,0.76942,0
2026-02-12T18:00:00-05:00,0.76942,0.76945,0.76885,0.76893,0
2026-02-12T18:15:00-05:00,0.76893,0.76939,0.76885,0.76918,0
2026-02-12T18:30:00-05:00,0.76918,0.76933,0.76911,0.76931,0
2026-02-12T18:45:00-05:00,0.76931,0.76946,0.76915,0.76926,0
2026-02-12T19:00:00-05:00,0.76926,0.76962,0.76925,0.76951,0
2026-02-12T19:15:00-05:00,0.76951,0.76963,0.76936,0.76943,0
2026-02-12T19:30:00-05:00,0.76943,0.76959,0.76939,0.76959,0
2026-02-12T19:45:00-05:00,0.76959,0.76961,0.76929,0.76946,0
2026-02-12T20:00:00-05:00,0.76946,0.76958,0.76897,0.76902,0
2026-02-12T20:15:00-05:00,0.76902,0.76963,0.76887,0.76943,0
2026-02-12T20:30:00-05:00,0.76943,0.76983,0.7693,0.76967,0
2026-02-12T20:45:00-05:00,0.76967,0.76977,0.76958,0.76977,0
2026-02-12T21:00:00-05:00,0.76977,0.76979,0.76946,0.76946,0
2026-02-12T21:15:00-05:00,0.76946,0.76975,0.76946,0.76965,0
2026-02-12T21:30:00-05:00,0.76965,0.76965,0.76931,0.76931,0
2026-02-12T21:45:00-05:00,0.76931,0.7696,0.76923,0.7695,0
2026-02-12T22:00:00-05:00,0.7695,0.76954,0.76936,0.76952,0
2026-02-12T22:15:00-05:00,0.76952,0.76965,0.76944,0.76957,0
2026-02-12T22:30:00-05:00,0.76957,0.76963,0.76941,0.76952,0
2026-02-12T22:45:00-05:00,0.76952,0.76952,0.76934,0.76946,0
2026-02-12T23:00:00-05:00,0.76946,0.7698,0.76946,0.76978,0
2026-02-12T23:15:00-05:00,0.76978,0.76979,0.76968,0.76973,0
2026-02-12T23:30:00-05:00,0.76973,0.7698,0.76967,0.76975,0
2026-02-12T23:45:00-05:00,0.76975,0.76982,0.7697,0.76975,0
2026-02-13T00:00:00-05:00,0.76975,0.77028,0.76973,0.77003,0
2026-02-13T00:15:00-05:00,0.77003,0.77053,0.76996,0.77039,0
2026-02-13T00:30:00-05:00,0.77039,0.7704,0.77,0.77004,0
2026-02-13T00:45:00-05:00,0.77004,0.77015,0.76989,0.7701,0
2026-02-13T01:00:00-05:00,0.7701,0.77024,0.77004,0.77011,0
2026-02-13T01:15:00-05:00,0.77011,0.77025,0.7699,0.77,0
2026-02-13T01:30:00-05:00,0.77,0.77025,0.76979,0.77021,0
2026-02-13T01:45:00-05:00,0.77021,0.77042,0.77012,0.77041,0
2026-02-13T02:00:00-05:00,0.77041,0.77041,0.77009,0.7702,0
2026-02-13T02:15:00-05:00,0.7702,0.77116,0.77019,0.77082,0
2026-02-13T02:30:00-05:00,0.77082,0.77108,0.77058,0.77098,0
2026-02-13T02:45:00-05:00,0.77098,0.77185,0.77087,0.77095,0
2026-02-13T03:00:00-05:00,0.77095,0.77099,0.77028,0.77054,0
2026-02-13T03:15:00-05:00,0.77054,0.7708,0.77021,0.77026,0
2026-02-13T03:30:00-05:00,0.77026,0.77041,0.77004,0.77021,0
2026-02-13T03:45:00-05:00,0.77021,0.77072,0.77004,0.77026,0
2026-02-13T04:00:00-05:00,0.77026,0.77034,0.76985,0.76995,0
2026-02-13T04:15:00-05:00,0.76995,0.76996,0.76921,0.76927,0
2026-02-13T04:30:00-05:00,0.76927,0.76962,0.76924,0.76936,0
2026-02-13T04:45:00-05:00,0.76936,0.76967,0.76936,0.76958,0
2026-02-13T05:00:00-05:00,0.76958,0.76975,0.76919,0.7697,0
2026-02-13T05:15:00-05:00,0.7697,0.76998,0.7697,0.7699,0
2026-02-13T05:30:00-05:00,0.7699,0.77025,0.7697,0.77003,0
2026-02-13T05:45:00-05:00,0.77003,0.77024,0.76984,0.76992,0
2026-02-13T06:00:00-05:00,0.76992,0.77006,0.76953,0.76953,0
2026-02-13T06:15:00-05:00,0.76953,0.76986,0.76924,0.76958,0
2026-02-13T06:30:00-05:00,0.76958,0.76975,0.76921,0.76964,0
2026-02-13T06:45:00-05:00,0.76964,0.76973,0.76924,0.76963,0
2026-02-13T07:00:00-05:00,0.76963,0.76995,0.76945,0.76975,0
2026-02-13T07:15:00-05:00,0.76975,0.76982,0.76906,0.76943,0
2026-02-13T07:30:00-05:00,0.76943,0.7696,0.76907,0.76936,0
2026-02-13T07:45:00-05:00,0.76936,0.76936,0.76895,0.76911,0
2026-02-13T08:00:00-05:00,0.76911,0.76926,0.76891,0.76892,0
2026-02-13T08:15:00-05:00,0.76892,0.769,0.7685,0.76886,0
2026-02-13T08:30:00-05:00,0.76886,0.76921,0.7688,0.76919,0
2026-02-13T08:45:00-05:00,0.76919,0.76928,0.76706,0.76916,0
2026-02-13T09:00:00-05:00,0.76916,0.76938,0.76792,0.76831,0
2026-02-13T09:15:00-05:00,0.76831,0.76882,0.76824,0.76836,0
2026-02-13T09:30:00-05:00,0.76836,0.7686,0.76809,0.7683,0
2026-02-13T09:45:00-05:00,0.7683,0.76875,0.76819,0.76826,0
2026-02-13T10:00:00-05:00,0.76826,0.7688,0.76819,0.76865,0
2026-02-13T10:15:00-05:00,0.76865,0.76865,0.76819,0.76823,0
2026-02-13T10:30:00-05:00,0.76823,0.76897,0.76819,0.76856,0
2026-02-13T10:45:00-05:00,0.76856,0.7693,0.76856,0.76909,0
2026-02-13T11:00:00-05:00,0.76909,0.77034,0.76907,0.77031,0
2026-02-13T11:15:00-05:00,0.77031,0.77036,0.76931,0.76931,0
2026-02-13T11:30:00-05:00,0.76931,0.76933,0.76832,0.76853,0
2026-02-13T11:45:00-05:00,0.76853,0.7687,0.76817,0.76833,0
2026-02-13T12:00:00-05:00,0.76833,0.76868,0.76823,0.76855,0
2026-02-13T12:15:00-05:00,0.76855,0.76865,0.76763,0.76763,0
2026-02-13T12:30:00-05:00,0.76763,0.76802,0.76759,0.7677,0
2026-02-13T12:45:00-05:00,0.7677,0.76821,0.76767,0.76801,0
2026-02-13T13:00:00-05:00,0.76801,0.76806,0.76762,0.76787,0
2026-02-13T13:15:00-05:00,0.76787,0.76811,0.76771,0.76794,0
2026-02-13T13:30:00-05:00,0.76794,0.76823,0.76782,0.76786,0
2026-02-13T13:45:00-05:00,0.76786,0.76799,0.76768,0.76771,0
2026-02-13T14:00:00-05:00,0.76771,0.76804,0.76768,0.76793,0
2026-02-13T14:15:00-05:00,0.76793,0.76806,0.76779,0.76786,0
2026-02-13T14:30:00-05:00,0.76786,0.76806,0.76772,0.76785,0
2026-02-13T14:45:00-05:00,0.76785,0.76807,0.76772,0.76801,0
2026-02-13T15:00:00-05:00,0.76801,0.76828,0.76796,0.76828,0
2026-02-13T15:15:00-05:00,0.76828,0.7686,0.76826,0.76853,0
2026-02-13T15:30:00-05:00,0.76853,0.7686,0.76834,0.76843,0
2026-02-13T15:45:00-05:00,0.76843,0.76848,0.76812,0.76819,0
2026-02-13T16:00:00-05:00,0.76819,0.76836,0.7677,0.76784,0
2026-02-13T16:15:00-05:00,0.76784,0.76792,0.76767,0.76782,0
2026-02-13T16:30:00-05:00,0.76782,0.76782,0.76763,0.7677,0
2026-02-13T16:45:00-05:00,0.7677,0.768,0.76767,0.7679,0
2026-02-13T17:00:00-05:00,0.7679,0.76793,0.76756,0.76793,0
2026-02-15T17:30:00-05:00,0.76828,0.76836,0.76747,0.76816,0
2026-02-15T17:45:00-05:00,0.76816,0.76828,0.76762,0.7677,0
2026-02-15T18:00:00-05:00,0.7677,0.7678,0.76743,0.76745,0
2026-02-15T18:15:00-05:00,0.76745,0.76855,0.76745,0.76836,0
2026-02-15T18:30:00-05:00,0.76836,0.7687,0.76828,0.76857,0
2026-02-15T18:45:00-05:00,0.76857,0.76872,0.76848,0.76853,0
2026-02-15T19:00:00-05:00,0.76853,0.76875,0.76837,0.7684,0
2026-02-15T19:15:00-05:00,0.7684,0.76873,0.76818,0.76872,0
2026-02-15T19:30:00-05:00,0.76872,0.76879,0.76841,0.76879,0
2026-02-15T19:45:00-05:00,0.76879,0.76882,0.76846,0.76846,0
2026-02-15T20:00:00-05:00,0.76846,0.76873,0.7684,0.76865,0
2026-02-15T20:15:00-05:00,0.76865,0.76889,0.76851,0.76855,0
2026-02-15T20:30:00-05:00,0.76855,0.76883,0.76855,0.76863,0
2026-02-15T20:45:00-05:00,0.76863,0.76873,0.76846,0.7686,0
2026-02-15T21:00:00-05:00,0.7686,0.76863,0.76834,0.76835,0
2026-02-15T21:15:00-05:00,0.76835,0.76865,0.76816,0.76858,0
2026-02-15T21:30:00-05:00,0.76858,0.76866,0.76843,0.76853,0
2026-02-15T21:45:00-05:00,0.76853,0.76864,0.76835,0.76854,0
2026-02-15T22:00:00-05:00,0.76854,0.76858,0.76828,0.76838,0
2026-02-15T22:15:00-05:00,0.76838,0.76852,0.76826,0.76828,0
2026-02-15T22:30:00-05:00,0.76828,0.76831,0.76807,0.76816,0
2026-02-15T22:45:00-05:00,0.76816,0.76826,0.76809,0.76814,0
2026-02-15T23:00:00-05:00,0.76814,0.7683,0.76811,0.76813,0
2026-02-15T23:15:00-05:00,0.76813,0.7682,0.76802,0.76816,0
2026-02-15T23:30:00-05:00,0.76816,0.76828,0.76807,0.76816,0
2026-02-15T23:45:00-05:00,0.76816,0.76875,0.76814,0.76872,0
2026-02-16T00:00:00-05:00,0.76872,0.76877,0.76864,0.76874,0
2026-02-16T17:30:00-05:00,0.76946,0.7696,0.76946,0.76952,0
2026-02-16T17:45:00-05:00,0.76952,0.76952,0.76931,0.76948,0
2026-02-16T18:00:00-05:00,0.76948,0.76956,0.76938,0.76948,0
2026-02-16T18:15:00-05:00,0.76948,0.76973,0.76941,0.76958,0
2026-02-16T18:30:00-05:00,0.76958,0.7698,0.76948,0.76958,0
2026-02-16T18:45:00-05:00,0.76958,0.7697,0.76955,0.76965,0
2026-02-16T19:00:00-05:00,0.76965,0.76989,0.76965,0.7697,0
2026-02-16T19:15:00-05:00,0.7697,0.76972,0.76945,0.76951,0
2026-02-16T19:30:00-05:00,0.76951,0.76965,0.7694,0.7696,0
2026-02-16T19:45:00-05:00,0.7696,0.77009,0.76953,0.77006,0
2026-02-16T20:00:00-05:00,0.77006,0.77006,0.76969,0.76985,0
2026-02-16T20:15:00-05:00,0.76985,0.77011,0.76979,0.77007,0
2026-02-16T20:30:00-05:00,0.77007,0.77014,0.76992,0.76993,0
2026-02-16T20:45:00-05:00,0.76993,0.76995,0.76982,0.76992,0
2026-02-16T21:00:00-05:00,0.76992,0.76992,0.76971,0.76971,0
2026-02-16T21:15:00-05:00,0.76971,0.76982,0.76935,0.76971,0
2026-02-16T21:30:00-05:00,0.76971,0.76977,0.76964,0.76972,0
2026-02-16T21:45:00-05:00,0.76972,0.76978,0.76967,0.76975,0
2026-02-16T22:00:00-05:00,0.76975,0.76986,0.76966,0.76968,0
2026-02-16T22:15:00-05:00,0.76968,0.76992,0.76965,0.76973,0
2026-02-16T22:30:00-05:00,0.76973,0.76983,0.76969,0.76979,0
2026-02-16T22:45:00-05:00,0.76979,0.76987,0.76969,0.76977,0
2026-02-16T23:00:00-05:00,0.76977,0.76977,0.76948,0.76951,0
2026-02-16T23:15:00-05:00,0.76951,0.76967,0.76946,0.76966,0
2026-02-16T23:30:00-05:00,0.76966,0.76968,0.76943,0.76943,0
2026-02-16T23:45:00-05:00,0.76943,0.76951,0.76935,0.7694,0
2026-02-17T00:00:00-05:00,0.7694,0.76943,0.76931,0.76936,0
2026-02-17T00:15:00-05:00,0.76936,0.7696,0.76929,0.7696,0
2026-02-17T00:30:00-05:00,0.7696,0.76968,0.76923,0.76923,0
2026-02-17T00:45:00-05:00,0.76923,0.7694,0.76913,0.76938,0
2026-02-17T01:00:00-05:00,0.76938,0.76938,0.76919,0.76919,0
2026-02-17T01:15:00-05:00,0.76919,0.76931,0.76897,0.76907,0
2026-02-17T01:30:00-05:00,0.76907,0.76912,0.76889,0.76897,0
2026-02-17T01:45:00-05:00,0.76897,0.76901,0.76878,0.76887,0
2026-02-17T02:00:00-05:00,0.76887,0.76915,0.76882,0.76914,0
2026-02-17T02:15:00-05:00,0.76914,0.76947,0.76902,0.76914,0
2026-02-17T02:30:00-05:00,0.76914,0.76992,0.76914,0.76975,0
2026-02-17T02:45:00-05:00,0.76975,0.7705,0.76972,0.77033,0
2026-02-17T03:00:00-05:00,0.77033,0.77071,0.77008,0.77048,0
2026-02-17T03:15:00-05:00,0.77048,0.7706,0.76999,0.77045,0
2026-02-17T03:30:00-05:00,0.77045,0.77046,0.76956,0.76965,0
2026-02-17T03:45:00-05:00,0.76965,0.76982,0.7695,0.76967,0
2026-02-17T04:00:00-05:00,0.76967,0.76972,0.7689,0.7692,0
2026-02-17T04:15:00-05:00,0.7692,0.7695,0.76904,0.76928,0
2026-02-17T04:30:00-05:00,0.76928,0.7695,0.76912,0.76939,0
2026-02-17T04:45:00-05:00,0.76939,0.76941,0.76898,0.76926,0
2026-02-17T05:00:00-05:00,0.76926,0.76938,0.76911,0.76919,0
2026-02-17T05:15:00-05:00,0.76919,0.7694,0.76885,0.76934,0
2026-02-17T05:30:00-05:00,0.76934,0.76936,0.76898,0.76909,0
2026-02-17T05:45:00-05:00,0.76909,0.76937,0.76905,0.76926,0
2026-02-17T06:00:00-05:00,0.76926,0.76953,0.76923,0.76946,0
2026-02-17T06:15:00-05:00,0.76946,0.76946,0.76926,0.76937,0
2026-02-17T06:30:00-05:00,0.76937,0.76948,0.76926,0.76933,0
2026-02-17T06:45:00-05:00,0.76933,0.77011,0.76933,0.76992,0
2026-02-17T07:00:00-05:00,0.76992,0.77082,0.76992,0.77045,0
2026-02-17T07:15:00-05:00,0.77045,0.77055,0.77007,0.77016,0
2026-02-17T07:30:00-05:00,0.77016,0.77063,0.77006,0.77048,0
2026-02-17T07:45:00-05:00,0.77048,0.77082,0.7704,0.77077,0
2026-02-17T08:00:00-05:00,0.77077,0.77083,0.77051,0.77071,0
2026-02-17T08:15:00-05:00,0.77071,0.77121,0.7705,0.77057,0
2026-02-17T08:30:00-05:00,0.77057,0.77116,0.77049,0.77065,0
2026-02-17T08:45:00-05:00,0.77065,0.77128,0.77034,0.77121,0
2026-02-17T09:00:00-05:00,0.77121,0.77176,0.77085,0.77126,0
2026-02-17T09:15:00-05:00,0.77126,0.77177,0.77107,0.77167,0
2026-02-17T09:30:00-05:00,0.77167,0.77175,0.77129,0.77158,0
2026-02-17T09:45:00-05:00,0.77158,0.77182,0.77131,0.77138,0
2026-02-17T10:00:00-05:00,0.77138,0.77211,0.77106,0.77197,0
2026-02-17T10:15:00-05:00,0.77197,0.77307,0.77196,0.77287,0
2026-02-17T10:30:00-05:00,0.77287,0.77333,0.77266,0.77329,0
2026-02-17T10:45:00-05:00,0.77329,0.77372,0.77313,0.77337,0
2026-02-17T11:00:00-05:00,0.77337,0.77399,0.77337,0.77382,0
2026-02-17T11:15:00-05:00,0.77382,0.77385,0.77292,0.77293,0
2026-02-17T11:30:00-05:00,0.77293,0.77293,0.77194,0.77216,0
2026-02-17T11:45:00-05:00,0.77216,0.77226,0.77171,0.772,0
2026-02-17T12:00:00-05:00,0.772,0.772,0.77165,0.7718,0
2026-02-17T12:15:00-05:00,0.7718,0.77187,0.77124,0.77139,0
2026-02-17T12:30:00-05:00,0.77139,0.77141,0.77106,0.77108,0
2026-02-17T12:45:00-05:00,0.77108,0.77133,0.77089,0.77128,0
2026-02-17T13:00:00-05:00,0.77128,0.7714,0.77101,0.77112,0
2026-02-17T13:15:00-05:00,0.77112,0.77121,0.7709,0.77104,0
2026-02-17T13:30:00-05:00,0.77104,0.77106,0.77066,0.77069,0
2026-02-17T13:45:00-05:00,0.77069,0.7708,0.77051,0.77059,0
2026-02-17T14:00:00-05:00,0.77059,0.77067,0.77016,0.77031,0
2026-02-17T14:15:00-05:00,0.77031,0.77042,0.77011,0.77036,0
2026-02-17T14:30:00-05:00,0.77036,0.7707,0.77033,0.77065,0
2026-02-17T14:45:00-05:00,0.77065,0.77066,0.77033,0.77041,0
2026-02-17T15:00:00-05:00,0.77041,0.77045,0.77018,0.77028,0
2026-02-17T15:15:00-05:00,0.77028,0.77036,0.77011,0.77031,0
2026-02-17T15:30:00-05:00,0.77031,0.77043,0.7703,0.77031,0
2026-02-17T15:45:00-05:00,0.77031,0.77036,0.77016,0.77036,0
2026-02-17T16:00:00-05:00,0.77036,0.77036,0.77006,0.77021,0
2026-02-17T16:15:00-05:00,0.77021,0.77021,0.76999,0.77004,0
2026-02-17T16:30:00-05:00,0.77004,0.77028,0.77004,0.77021,0
2026-02-17T16:45:00-05:00,0.77021,0.77031,0.77006,0.77006,0
2026-02-17T17:00:00-05:00,0.77006,0.77027,0.76985,0.77027,0
2026-02-17T17:30:00-05:00,0.76999,0.77038,0.7698,0.76995,0
2026-02-17T17:45:00-05:00,0.76995,0.77026,0.76971,0.77011,0
2026-02-17T18:00:00-05:00,0.77011,0.77033,0.77,0.77012,0
2026-02-17T18:15:00-05:00,0.77012,0.77026,0.76981,0.77022,0
2026-02-17T18:30:00-05:00,0.77022,0.77033,0.77012,0.77018,0
2026-02-17T18:45:00-05:00,0.77018,0.77039,0.77018,0.77031,0
2026-02-17T19:00:00-05:00,0.77031,0.77037,0.77007,0.77029,0
2026-02-17T19:15:00-05:00,0.77029,0.77033,0.77008,0.77012,0
2026-02-17T19:30:00-05:00,0.77012,0.77028,0.77003,0.77003,0
2026-02-17T19:45:00-05:00,0.77003,0.77026,0.76999,0.77023,0
2026-02-17T20:00:00-05:00,0.77023,0.77024,0.77001,0.77021,0
2026-02-17T20:15:00-05:00,0.77021,0.77063,0.77021,0.77046,0
2026-02-17T20:30:00-05:00,0.77046,0.77076,0.77046,0.77068,0
2026-02-17T20:45:00-05:00,0.77068,0.7707,0.77036,0.77038,0
2026-02-17T21:00:00-05:00,0.77038,0.77045,0.77026,0.77036,0
2026-02-17T21:15:00-05:00,0.77036,0.77082,0.77036,0.77082,0
2026-02-17T21:30:00-05:00,0.77082,0.7709,0.77058,0.77065,0
2026-02-17T21:45:00-05:00,0.77065,0.77076,0.77056,0.77057,0
2026-02-17T22:00:00-05:00,0.77057,0.7706,0.7705,0.77058,0
2026-02-17T22:15:00-05:00,0.77058,0.77059,0.77046,0.77059,0
2026-02-17T22:30:00-05:00,0.77059,0.7708,0.77059,0.77064,0
2026-02-17T22:45:00-05:00,0.77064,0.77088,0.77062,0.77088,0
2026-02-17T23:00:00-05:00,0.77088,0.77111,0.77085,0.77109,0
2026-02-17T23:15:00-05:00,0.77109,0.77124,0.77107,0.77107,0
2026-02-17T23:30:00-05:00,0.77107,0.77112,0.77094,0.77109,0
2026-02-17T23:45:00-05:00,0.77109,0.77114,0.77099,0.77106,0
2026-02-18T00:00:00-05:00,0.77106,0.77109,0.77097,0.77108,0
2026-02-18T00:15:00-05:00,0.77108,0.77109,0.77089,0.77091,0
2026-02-18T00:30:00-05:00,0.77091,0.77098,0.77086,0.77097,0
2026-02-18T00:45:00-05:00,0.77097,0.77107,0.77093,0.77102,0
2026-02-18T01:00:00-05:00,0.77102,0.77104,0.77081,0.77083,0
2026-02-18T01:15:00-05:00,0.77083,0.77116,0.77075,0.77101,0
2026-02-18T01:30:00-05:00,0.77101,0.77107,0.77082,0.77083,0
2026-02-18T01:45:00-05:00,0.77083,0.771,0.77077,0.77085,0
2026-02-18T02:00:00-05:00,0.77085,0.7709,0.77058,0.77063,0
2026-02-18T02:15:00-05:00,0.77063,0.77131,0.77055,0.77131,0
2026-02-18T02:30:00-05:00,0.77131,0.7716,0.77123,0.77153,0
2026-02-18T02:45:00-05:00,0.77153,0.77167,0.77138,0.77146,0
2026-02-18T03:00:00-05:00,0.77146,0.77165,0.77126,0.77146,0
2026-02-18T03:15:00-05:00,0.77146,0.77185,0.77118,0.77146,0
2026-02-18T03:30:00-05:00,0.77146,0.7719,0.77119,0.77146,0
2026-02-18T03:45:00-05:00,0.77146,0.77219,0.77138,0.77211,0
2026-02-18T04:00:00-05:00,0.77211,0.77211,0.77163,0.7717,0
2026-02-18T04:15:00-05:00,0.7717,0.77177,0.77102,0.77128,0
2026-02-18T04:30:00-05:00,0.77128,0.77156,0.77121,0.77131,0
2026-02-18T04:45:00-05:00,0.77131,0.77172,0.77103,0.77163,0
2026-02-18T05:00:00-05:00,0.77163,0.77165,0.77119,0.77147,0
2026-02-18T05:15:00-05:00,0.77147,0.77161,0.77112,0.77131,0
2026-02-18T05:30:00-05:00,0.77131,0.77145,0.77126,0.77143,0
2026-02-18T05:45:00-05:00,0.77143,0.77195,0.77141,0.77184,0
2026-02-18T06:00:00-05:00,0.77184,0.77204,0.77172,0.77201,0
2026-02-18T06:15:00-05:00,0.77201,0.77205,0.77158,0.77163,0
2026-02-18T06:30:00-05:00,0.77163,0.77172,0.77133,0.77141,0
2026-02-18T06:45:00-05:00,0.77141,0.77148,0.77107,0.77118,0
2026-02-18T07:00:00-05:00,0.77118,0.77122,0.77088,0.77114,0
2026-02-18T07:15:00-05:00,0.77114,0.77126,0.77065,0.77087,0
2026-02-18T07:30:00-05:00,0.77087,0.77095,0.77044,0.77054,0
2026-02-18T07:45:00-05:00,0.77054,0.7706,0.77016,0.77043,0
2026-02-18T08:00:00-05:00,0.77043,0.77084,0.77043,0.77075,0
2026-02-18T08:15:00-05:00,0.77075,0.77077,0.77001,0.77034,0
2026-02-18T08:30:00-05:00,0.77034,0.77103,0.77031,0.77096,0
2026-02-18T08:45:00-05:00,0.77096,0.77146,0.77093,0.77141,0
2026-02-18T09:00:00-05:00,0.77141,0.77172,0.77111,0.77165,0
2026-02-18T09:15:00-05:00,0.77165,0.77165,0.77119,0.7714,0
2026-02-18T09:30:00-05:00,0.7714,0.77214,0.77139,0.77182,0
2026-02-18T09:45:00-05:00,0.77182,0.77184,0.77134,0.77165,0
2026-02-18T10:00:00-05:00,0.77165,0.77189,0.77129,0.77179,0
2026-02-18T10:15:00-05:00,0.77179,0.77197,0.77111,0.77154,0
2026-02-18T10:30:00-05:00,0.77154,0.77199,0.77149,0.77173,0
2026-02-18T10:45:00-05:00,0.77173,0.77179,0.77131,0.77136,0
2026-02-18T11:00:00-05:00,0.77136,0.77182,0.77119,0.77133,0
2026-02-18T11:15:00-05:00,0.77133,0.77179,0.77092,0.77148,0
2026-02-18T11:30:00-05:00,0.77148,0.77204,0.77145,0.77203,0
2026-02-18T11:45:00-05:00,0.77203,0.77224,0.77167,0.77216,0
2026-02-18T12:00:00-05:00,0.77216,0.77234,0.77195,0.77234,0
2026-02-18T12:15:00-05:00,0.77234,0.77256,0.77205,0.77219,0
2026-02-18T12:30:00-05:00,0.77219,0.77243,0.77217,0.77231,0
2026-02-18T12:45:00-05:00,0.77231,0.77292,0.77226,0.77276,0
2026-02-18T13:00:00-05:00,0.77276,0.77297,0.77265,0.77267,0
2026-02-18T13:15:00-05:00,0.77267,0.77282,0.77243,0.77255,0
2026-02-18T13:30:00-05:00,0.77255,0.77295,0.77248,0.77278,0
2026-02-18T13:45:00-05:00,0.77278,0.77302,0.77264,0.7727,0
2026-02-18T14:00:00-05:00,0.7727,0.77297,0.77258,0.77273,0
2026-02-18T14:15:00-05:00,0.77273,0.77321,0.77231,0.77292,0
2026-02-18T14:30:00-05:00,0.77292,0.77322,0.77287,0.77299,0
2026-02-18T14:45:00-05:00,0.77299,0.77311,0.77272,0.77292,0
2026-02-18T15:00:00-05:00,0.77292,0.77297,0.77261,0.77268,0
2026-02-18T15:15:00-05:00,0.77268,0.77291,0.7725,0.77284,0
2026-02-18T15:30:00-05:00,0.77284,0.77311,0.77277,0.77311,0
2026-02-18T15:45:00-05:00,0.77311,0.77315,0.77284,0.77307,0
2026-02-18T16:00:00-05:00,0.77307,0.77316,0.77297,0.77308,0
2026-02-18T16:15:00-05:00,0.77308,0.77317,0.77276,0.77293,0
2026-02-18T16:30:00-05:00,0.77293,0.77294,0.7727,0.77275,0
2026-02-18T16:45:00-05:00,0.77275,0.77307,0.77275,0.77294,0
2026-02-18T17:00:00-05:00,0.77294,0.77327,0.77291,0.77327,0
2026-02-18T17:30:00-05:00,0.77306,0.77333,0.77289,0.77294,0
2026-02-18T17:45:00-05:00,0.77294,0.77296,0.77265,0.77277,0
2026-02-18T18:00:00-05:00,0.77277,0.77289,0.7726,0.77285,0
2026-02-18T18:15:00-05:00,0.77285,0.77287,0.77233,0.77245,0
2026-02-18T18:30:00-05:00,0.77245,0.7725,0.77235,0.77239,0
2026-02-18T18:45:00-05:00,0.77239,0.77252,0.77236,0.77248,0
2026-02-18T19:00:00-05:00,0.77248,0.77261,0.77246,0.77248,0
2026-02-18T19:15:00-05:00,0.77248,0.77261,0.77247,0.77258,0
2026-02-18T19:30:00-05:00,0.77258,0.77276,0.77253,0.77253,0
2026-02-18T19:45:00-05:00,0.77253,0.77296,0.77246,0.77295,0
2026-02-18T20:00:00-05:00,0.77295,0.77295,0.77261,0.77274,0
2026-02-18T20:15:00-05:00,0.77274,0.77275,0.77234,0.77245,0
2026-02-18T20:30:00-05:00,0.77245,0.7726,0.77234,0.77258,0
2026-02-18T20:45:00-05:00,0.77258,0.77263,0.7725,0.77258,0
2026-02-18T21:00:00-05:00,0.77258,0.77258,0.77216,0.77216,0
2026-02-18T21:15:00-05:00,0.77216,0.77252,0.77216,0.77233,0
2026-02-18T21:30:00-05:00,0.77233,0.7724,0.77212,0.77227,0
2026-02-18T21:45:00-05:00,0.77227,0.77232,0.7721,0.7722,0
2026-02-18T22:00:00-05:00,0.7722,0.77253,0.77219,0.77252,0
2026-02-18T22:15:00-05:00,0.77252,0.77256,0.77241,0.77248,0
2026-02-18T22:30:00-05:00,0.77248,0.77295,0.77247,0.77285,0
2026-02-18T22:45:00-05:00,0.77285,0.77299,0.77275,0.77285,0
2026-02-18T23:00:00-05:00,0.77285,0.77302,0.77282,0.77292,0
2026-02-18T23:15:00-05:00,0.77292,0.77324,0.77286,0.77314,0
2026-02-18T23:30:00-05:00,0.77314,0.77326,0.77307,0.77319,0
2026-02-18T23:45:00-05:00,0.77319,0.77339,0.77307,0.77339,0
2026-02-19T00:00:00-05:00,0.77339,0.77339,0.77302,0.77309,0
